body_temp,respiratory_rate,ambient_temp,label
38.82,20.5,22.33,0
39.71,38.8,29.36,1
39.02,16.3,29.95,0
38.96,39.8,27.94,0
38.49,33.7,33.11,1
38.99,9.1,22.15,0
39.88,29.5,31.69,1
39.18,19.6,25.81,0
38.75,19.1,25.99,0
38.87,12.8,25.94,0
40.4,48.8,21.16,1
38.89,59.8,21.5,0
39.18,14.0,27.49,0
40.62,47.5,39.46,1
39.2,20.8,32.11,0
40.96,54.5,28.92,1
38.85,19.5,28.23,0
38.89,11.7,24.74,0
39.11,18.5,20.07,0
38.92,19.5,24.81,0
39.85,36.5,32.5,1
39.69,28.3,30.98,1
39.81,30.6,22.96,1
39.96,29.7,31.62,1
38.84,32.2,32.08,1
38.52,16.3,22.3,0
40.06,21.2,20.94,0
40.55,42.6,28.44,1
39.78,33.4,31.72,1
39.92,38.4,34.41,1
39.87,34.4,32.33,1
40.58,42.3,38.1,1
39.72,27.3,21.7,0
38.58,32.6,35.7,1
40.41,34.7,37.18,1
38.53,14.2,20.22,0
38.85,18.5,22.04,0
40.53,40.0,36.54,1
38.75,54.1,37.12,1
39.14,51.1,26.81,0
39.87,27.2,32.56,1
38.88,13.6,29.22,0
38.58,50.6,34.19,1
38.59,22.8,25.61,0
38.57,33.7,31.13,1
39.93,36.3,20.22,1
40.03,27.2,32.61,1
38.63,11.0,27.49,0
38.96,18.2,29.03,0
38.82,33.5,30.66,1
38.65,24.0,26.75,0
40.99,24.3,28.39,0
39.06,27.5,23.66,0
40.55,43.3,38.93,1
38.55,25.9,20.58,0
38.18,12.7,25.81,0
40.12,31.3,33.62,1
40.09,36.9,34.88,1
40.61,44.0,28.44,1
39.06,26.9,37.11,0
40.91,51.8,20.34,1
38.28,21.7,27.35,0
39.16,42.9,35.35,1
39.78,30.4,23.63,1
40.42,40.0,37.48,1
40.24,34.5,36.57,1
38.68,14.3,37.82,0
38.81,19.5,27.82,0
40.06,32.2,34.47,1
38.8,14.2,24.43,0
39.48,26.1,31.03,0
40.96,37.1,27.68,1
40.77,44.9,27.21,1
38.66,25.1,21.28,0
38.6,23.4,26.85,0
38.35,53.0,36.43,1
40.29,36.0,25.3,1
40.06,30.3,32.04,1
38.48,22.8,26.86,0
40.48,43.8,39.15,1
39.22,52.3,33.31,1
38.74,29.1,21.66,0
40.96,39.7,39.57,1
38.4,16.9,21.73,0
40.86,52.2,28.26,1
39.24,24.4,27.25,0
40.69,40.4,21.98,1
40.26,41.4,36.99,1
39.79,28.2,32.05,1
38.73,33.8,37.96,1
39.61,30.4,31.32,1
39.68,32.6,33.11,1
40.93,48.8,26.24,1
39.03,12.1,23.18,0
39.91,37.5,34.02,1
38.59,13.8,21.38,0
40.24,38.6,34.59,1
39.9,23.0,28.38,0
40.62,43.0,37.71,1
38.32,12.2,23.26,0
38.44,20.2,23.01,0
39.22,49.9,37.13,1
40.39,38.5,38.18,1
38.49,9.3,28.3,0
38.76,43.6,37.3,1
39.0,15.2,20.29,0
38.86,9.7,23.7,0
39.15,19.2,27.72,0
38.58,39.6,32.27,1
39.94,45.2,27.32,1
40.96,37.9,23.67,1
40.04,36.6,33.22,1
39.84,20.3,24.04,0
40.35,39.8,37.7,1
39.9,33.8,32.38,1
40.37,41.0,26.2,1
38.59,22.3,24.33,0
38.54,19.1,25.04,0
38.45,8.3,21.37,0
39.79,52.7,20.26,1
39.38,32.6,31.5,1
38.3,45.8,35.05,1
39.8,33.2,32.0,1
38.87,56.0,34.28,1
40.38,34.4,21.65,1
38.71,39.9,30.79,1
39.78,27.9,32.02,1
39.28,58.2,24.45,0
39.05,20.4,26.53,0
40.0,33.7,34.62,1
38.81,40.8,37.67,1
38.97,56.9,22.17,0
39.89,31.9,31.53,1
38.97,44.2,32.95,1
40.45,43.4,38.94,1
38.97,30.1,37.55,1
39.16,43.5,35.44,1
38.64,36.6,34.16,1
38.98,25.5,26.2,0
40.55,36.0,38.73,1
40.24,35.1,35.39,1
39.81,30.2,33.68,1
38.67,24.0,29.81,0
38.43,16.6,20.49,0
38.75,14.6,27.81,0
38.99,25.7,27.02,0
39.06,31.1,35.99,1
38.39,23.1,21.52,0
40.58,41.7,39.54,1
40.02,45.5,29.04,1
39.89,33.6,36.17,1
38.73,45.6,35.43,1
39.07,17.3,20.55,0
39.85,33.7,34.06,1
38.69,44.6,31.95,1
39.27,35.3,31.78,1
38.71,15.0,20.2,0
40.7,47.5,26.55,1
39.04,32.2,37.78,1
40.31,39.7,35.38,1
40.25,35.4,25.0,1
40.14,23.3,29.68,0
40.46,39.8,37.3,1
40.24,33.0,35.18,1
38.77,10.4,20.64,0
38.6,20.9,33.96,0
39.42,35.6,31.8,1
40.62,47.2,38.3,1
38.84,19.0,21.06,0
38.8,18.3,27.91,0
40.32,43.4,37.35,1
38.67,27.5,25.49,0
40.6,48.3,27.82,1
38.84,17.9,21.45,0
38.94,37.7,32.04,1
40.34,40.0,36.86,1
38.98,45.5,35.09,1
38.44,28.5,22.97,0
38.39,39.3,34.43,1
40.71,40.4,24.74,1
38.68,56.6,36.12,1
40.2,34.1,37.84,1
40.09,35.8,22.28,1
40.62,43.4,39.23,1
39.78,34.4,26.11,1
39.81,51.4,21.57,1
40.18,37.6,25.38,1
40.7,43.1,38.45,1
38.66,10.2,22.99,0
39.19,18.4,29.1,0
40.56,41.0,37.97,1
38.98,48.7,35.45,1
38.69,51.6,22.09,0
39.99,31.5,34.76,1
40.07,39.8,36.3,1
38.27,19.2,22.19,0
39.31,26.0,31.58,0
40.09,33.9,34.12,1
38.64,19.7,27.79,0
38.66,14.4,23.81,0
38.34,56.0,36.42,1
39.87,43.7,22.22,1
40.58,34.1,36.19,1
40.75,10.4,29.14,0
38.86,35.1,37.61,1
40.37,38.2,36.86,1
39.04,17.4,28.93,0
40.43,36.2,28.67,1
38.4,52.2,26.48,0
40.13,33.9,32.91,1
38.36,18.4,29.78,0
40.74,23.2,26.12,0
38.91,40.0,34.5,1
40.37,42.8,36.45,1
40.36,34.3,36.59,1
38.7,13.3,24.63,0
39.06,37.5,34.34,1
38.59,34.6,37.43,1
38.87,23.1,29.82,0
38.97,13.9,36.02,0
38.71,18.3,20.23,0
38.43,55.9,30.77,1
40.95,41.9,39.7,1
39.91,39.2,34.65,1
40.03,37.1,35.78,1
38.68,54.1,36.6,1
39.6,27.3,27.78,0
40.28,40.1,35.79,1
41.21,39.7,37.22,1
38.57,15.0,22.75,0
39.88,31.0,30.71,1
40.32,39.3,23.95,1
40.25,34.3,35.3,1
39.9,32.2,34.28,1
38.76,11.7,21.06,0
38.73,16.9,29.62,0
40.81,40.8,39.23,1
40.69,40.4,39.32,1
38.56,16.5,23.27,0
38.37,20.4,27.52,0
40.75,44.3,39.74,1
38.49,57.5,35.79,1
38.39,41.5,37.22,1
38.42,13.5,31.87,0
38.88,54.5,23.67,0
38.26,28.7,23.22,0
38.97,46.6,35.94,1
38.92,12.0,22.81,0
38.87,46.0,33.68,1
38.7,15.3,25.84,0
40.04,29.4,31.95,1
38.71,14.2,28.42,0
39.78,33.7,33.31,1
40.24,48.6,27.35,1
40.33,39.4,35.25,1
40.63,53.9,26.29,1
38.7,57.3,34.07,1
39.84,39.4,37.52,1
38.32,54.7,22.78,0
39.34,13.2,37.44,0
38.62,16.9,29.15,0
38.43,28.1,28.29,0
38.41,13.6,25.31,0
40.02,38.7,34.89,1
40.46,41.8,38.87,1
38.79,55.5,34.57,1
40.63,45.1,23.89,1
38.48,58.4,24.6,0
39.96,13.3,23.39,0
38.51,57.1,34.85,1
38.81,25.7,24.74,0
40.09,54.8,23.57,1
40.64,42.7,38.61,1
38.75,29.4,34.48,1
38.77,34.3,33.38,1
38.53,27.1,24.66,0
39.11,24.5,28.46,0
39.79,18.5,27.38,0
39.59,28.4,30.67,1
40.32,39.6,36.76,1
38.38,31.6,37.43,1
40.31,39.4,38.63,1
38.49,13.3,20.07,0
38.9,47.8,37.44,1
40.4,45.1,39.62,1
38.78,22.9,22.34,0
40.35,37.0,35.82,1
39.23,57.3,37.36,1
38.46,18.5,27.45,0
39.93,32.6,34.96,1
38.76,49.3,34.79,1
39.2,26.1,28.9,0
39.01,26.2,27.0,0
38.49,38.1,31.57,1
38.7,19.0,23.2,0
40.63,26.4,27.74,0
38.75,14.0,26.59,0
39.47,29.0,31.31,1
39.89,30.8,32.2,1
38.43,14.0,27.87,0
39.83,33.2,32.27,1
39.16,21.3,23.01,0
38.44,10.9,26.49,0
38.77,13.7,24.67,0
40.58,42.8,38.46,1
39.85,29.9,33.83,1
38.53,15.3,27.15,0
40.12,30.9,33.82,1
39.1,26.7,21.21,0
38.34,21.5,21.51,0
38.49,33.1,33.41,1
38.94,44.5,34.81,1
38.49,15.9,26.53,0
40.88,45.5,23.8,1
39.22,12.2,31.53,0
39.83,30.2,31.29,1
38.87,30.0,22.54,0
38.74,41.8,31.79,1
39.06,16.0,22.42,0
38.91,18.4,35.19,0
40.02,36.1,27.92,1
39.02,52.3,31.86,1
38.53,15.3,28.32,0
39.97,16.6,26.46,0
39.9,33.2,34.62,1
39.33,12.2,28.86,0
40.72,44.3,39.13,1
38.73,25.2,24.65,0
38.68,52.6,32.18,1
38.61,14.3,28.75,0
38.34,12.7,20.04,0
38.8,14.5,22.81,0
38.32,12.4,23.67,0
38.69,39.1,30.77,1
40.57,19.0,20.34,0
40.28,39.3,36.41,1
38.38,23.0,27.74,0
38.87,22.3,24.59,0
38.4,14.0,28.17,0
40.48,42.5,39.64,1
39.91,34.6,33.39,1
39.96,37.1,34.1,1
39.02,23.1,29.1,0
40.15,36.6,37.2,1
40.15,39.5,37.55,1
40.55,37.2,37.27,1
38.82,27.6,34.88,0
40.33,38.4,34.57,1
40.27,42.5,38.08,1
39.0,37.5,35.62,1
39.03,20.7,20.52,0
38.8,26.6,25.16,0
40.51,45.6,39.92,1
39.16,21.4,25.91,0
40.38,36.5,37.17,1
40.76,51.4,22.67,1
38.74,10.7,20.67,0
40.08,35.5,20.1,1
38.55,16.1,21.44,0
38.57,45.3,37.95,1
40.22,42.6,20.16,1
39.88,29.6,33.72,1
38.99,13.8,29.19,0
39.01,10.2,24.59,0
38.71,50.2,31.72,1
38.54,24.2,20.18,0
40.32,33.6,33.91,1
40.78,36.6,39.64,1
39.89,32.8,33.78,1
39.74,42.4,21.98,1
38.87,22.6,21.42,0
40.23,35.2,34.77,1
38.76,59.2,30.83,1
38.98,22.8,36.2,0
40.7,44.2,39.68,1
40.41,35.4,36.26,1
38.81,21.4,24.19,0
38.37,10.7,22.91,0
40.66,41.7,38.12,1
39.08,29.1,23.42,0
39.82,47.1,23.18,1
40.11,36.5,32.51,1
40.29,35.8,34.95,1
38.18,56.3,37.7,1
39.17,22.8,27.47,0
38.77,16.8,26.44,0
38.55,44.8,25.72,0
39.05,25.3,23.28,0
38.42,20.9,29.21,0
38.98,50.1,24.04,0
38.93,15.1,26.98,0
38.94,15.8,26.45,0
38.68,59.5,35.22,1
39.17,39.5,30.56,1
38.96,46.3,37.41,1
40.13,26.6,33.69,1
38.93,30.3,36.39,1
39.37,17.9,34.73,0
39.94,32.2,32.92,1
39.97,33.0,34.54,1
38.83,30.1,37.75,1
38.91,16.6,22.19,0
40.74,43.2,38.91,1
38.57,23.5,25.09,0
39.18,11.8,20.4,0
39.17,13.7,20.18,0
39.37,27.7,21.65,0
39.8,23.5,30.6,1
39.05,35.9,36.66,1
38.76,22.3,26.22,0
38.37,13.5,26.23,0
39.86,29.7,34.16,1
38.32,20.3,29.33,0
40.15,39.7,36.85,1
39.88,32.6,35.83,1
38.46,19.4,26.66,0
38.82,8.8,20.51,0
38.27,27.8,25.36,0
38.97,38.2,34.05,1
40.29,40.5,37.08,1
39.67,25.7,30.89,1
40.91,41.3,37.24,1
38.27,9.4,25.55,0
38.81,29.9,32.78,1
40.22,38.1,35.96,1
38.21,12.3,26.52,0
38.58,12.6,21.71,0
39.89,35.7,34.58,1
40.34,33.3,37.03,1
39.6,36.0,31.12,1
40.82,41.0,38.92,1
40.72,37.4,37.52,1
38.94,33.2,33.3,1
40.15,37.6,35.85,1
40.36,31.6,34.5,1
38.51,20.0,24.37,0
40.55,39.4,27.78,1
38.42,15.2,28.05,0
38.96,16.1,20.23,0
39.61,38.5,26.12,1
39.21,14.4,23.16,0
39.73,28.6,31.9,1
40.11,36.2,36.14,1
39.94,32.7,31.95,1
39.86,29.7,31.61,1
39.68,28.6,30.75,1
38.64,26.5,20.83,0
40.66,49.3,27.23,1
39.76,42.3,23.23,1
39.02,17.0,21.4,0
38.69,10.0,22.85,0
38.68,41.3,33.29,1
40.09,42.3,32.89,1
40.24,40.3,24.74,1
39.01,10.9,27.65,0
38.71,60.0,33.18,1
40.73,44.7,39.96,1
39.95,35.5,33.48,1
39.03,35.4,36.74,1
39.29,21.3,24.73,0
39.99,36.0,29.29,1
40.63,39.3,26.2,1
38.57,35.7,20.42,0
40.04,35.1,34.81,1
39.38,12.6,30.52,0
38.93,49.7,33.09,1
38.71,16.4,26.19,0
39.64,30.9,30.51,1
38.35,39.5,33.28,1
39.84,28.9,30.82,1
38.83,19.1,22.08,0
39.85,43.9,34.51,1
39.0,9.0,28.67,0
39.16,57.9,27.93,0
38.78,26.0,21.05,0
38.85,24.3,29.92,0
40.31,40.0,37.38,1
38.69,45.5,35.42,1
40.99,36.6,25.8,1
39.66,35.4,30.91,1
39.01,50.3,22.19,0
38.73,18.6,28.51,0
39.82,31.5,32.69,1
39.88,28.5,33.05,1
39.76,44.8,27.58,1
39.79,31.6,34.7,1
38.91,13.3,24.92,0
39.05,54.0,20.81,0
39.14,10.0,26.42,0
38.37,16.3,23.22,0
38.86,12.8,24.03,0
39.08,19.5,20.11,0
40.16,47.7,21.08,1
40.64,50.9,25.0,1
40.09,40.4,37.15,1
39.25,37.7,35.47,1
38.42,22.9,22.41,0
38.85,11.0,25.15,0
38.4,43.3,35.61,1
38.84,59.8,21.95,0
38.55,12.5,26.56,0
39.7,38.6,33.62,1
39.96,30.7,31.55,1
38.48,12.8,22.66,0
40.5,36.8,36.45,1
38.86,49.9,31.41,1
39.88,54.0,24.0,1
38.36,56.3,34.96,1
38.96,19.8,29.36,0
40.23,31.5,21.08,1
39.04,29.5,34.14,1
40.17,47.8,29.92,1
38.8,18.9,21.5,0
38.69,43.1,36.09,1
39.21,12.7,21.54,0
40.76,46.0,39.78,1
40.58,35.4,36.83,1
38.54,11.3,21.4,0
38.68,26.7,22.94,0
38.83,26.4,23.34,0
38.91,50.9,31.82,1
40.43,54.8,20.98,1
38.98,20.8,23.85,0
39.32,43.5,29.33,0
40.73,39.6,39.26,1
40.59,46.2,38.29,1
38.7,56.2,38.0,1
40.16,41.0,37.36,1
38.96,52.3,31.85,1
38.51,27.0,20.42,0
40.75,40.8,28.35,1
39.39,36.0,20.02,0
40.76,39.1,39.02,1
40.66,36.9,37.49,1
38.57,20.7,28.01,0
39.82,34.0,32.95,1
38.41,25.6,35.31,0
38.46,25.1,28.8,0
38.96,48.9,31.77,1
38.56,32.1,35.82,1
40.47,40.7,38.7,1
38.78,13.3,29.51,0
38.47,15.5,27.45,0
38.59,23.0,27.5,0
38.37,12.2,21.44,0
38.47,14.5,23.02,0
40.29,24.2,27.08,0
39.33,15.9,30.71,0
38.52,23.0,20.99,0
38.41,41.3,37.9,1
38.42,45.1,35.92,1
38.92,26.0,26.35,0
39.9,37.2,35.42,1
40.78,41.7,38.54,1
38.43,17.2,21.93,0
39.11,57.5,31.77,1
39.59,32.4,31.91,1
38.37,14.1,21.23,0
38.78,44.9,33.16,1
38.93,28.8,26.53,0
38.86,14.9,27.61,0
38.91,11.8,26.3,0
38.67,24.2,21.02,0
38.79,14.0,21.16,0
39.89,10.6,27.35,0
40.97,37.9,20.07,1
38.44,10.3,31.22,0
40.0,34.7,34.12,1
38.58,48.5,34.38,1
39.89,26.9,30.76,1
41.0,43.0,40.0,1
38.28,47.3,33.05,1
38.31,29.7,26.32,0
39.05,25.7,21.53,0
38.51,16.9,20.42,0
40.4,35.6,35.16,1
38.51,19.5,27.74,0
38.34,22.6,26.83,0
39.02,15.9,23.62,0
39.72,15.9,21.93,0
39.03,33.8,35.48,1
39.21,58.5,33.63,1
40.65,51.7,20.53,1
40.18,16.6,21.78,0
38.63,14.3,26.02,0
39.38,24.7,30.78,0
39.68,33.1,32.32,1
39.15,39.9,30.61,1
39.72,36.1,20.41,1
38.86,25.5,26.63,0
39.68,27.8,31.83,1
40.03,36.7,34.71,1
39.03,13.8,27.69,0
40.35,38.4,23.83,1
40.39,45.8,24.12,1
40.45,40.5,38.04,1
39.83,35.4,31.75,1
38.86,43.7,36.02,1
39.52,31.2,31.9,1
38.47,25.9,26.64,0
38.67,17.8,21.05,0
38.86,24.5,29.03,0
40.83,41.3,39.69,1
38.97,26.3,24.19,0
39.92,30.1,32.35,1
40.27,38.8,35.79,1
40.0,35.9,34.24,1
40.41,36.4,36.26,1
39.04,29.0,28.53,0
38.55,31.5,34.37,1
39.35,34.0,36.08,1
39.45,29.3,31.14,1
39.04,50.8,31.46,1
39.75,53.3,26.55,1
40.06,38.9,22.57,1
38.66,45.8,37.57,1
38.95,57.0,36.87,1
39.15,21.3,23.48,0
40.44,42.9,38.29,1
40.5,40.0,37.46,1
39.01,40.9,30.56,1
39.69,30.0,33.38,1
38.84,16.7,26.5,0
38.46,23.1,25.32,0
38.6,26.1,27.38,0
40.42,38.3,37.34,1
39.36,14.7,28.54,0
38.53,23.2,29.92,0
40.85,42.6,21.29,1
38.83,25.2,25.13,0
38.66,30.5,21.4,0
38.95,26.8,28.75,0
40.47,41.8,37.06,1
40.35,31.1,35.02,1
39.03,15.5,22.66,0
40.12,44.6,24.63,1
38.74,12.1,20.51,0
39.24,15.3,21.09,0
40.24,33.5,24.92,1
38.88,52.9,34.02,1
39.97,30.1,30.53,1
40.05,37.8,31.63,1
39.06,35.1,34.39,1
38.76,26.2,28.78,0
38.8,10.3,20.01,0
38.82,17.4,27.83,0
38.73,55.7,33.87,1
39.23,48.5,37.23,1
38.64,37.6,35.38,1
39.12,54.6,27.2,0
39.18,19.8,22.28,0
38.89,19.0,26.95,0
39.22,27.0,25.08,0
39.98,46.4,22.61,1
39.15,45.8,32.31,1
39.88,33.7,34.51,1
40.81,13.1,27.44,0
40.53,13.3,21.79,0
40.48,17.7,29.31,0
38.45,36.6,32.62,1
40.51,41.8,35.71,1
38.59,56.6,33.47,1
39.2,31.8,28.16,0
39.36,8.0,21.11,0
40.91,33.7,37.77,1
39.21,20.4,21.68,0
39.76,37.3,31.31,1
40.7,16.1,24.11,0
40.5,33.4,36.82,1
39.81,33.0,32.97,1
38.57,12.6,20.45,0
39.12,57.3,37.16,1
40.69,26.2,27.22,0
38.61,14.2,25.54,0
40.34,34.9,24.15,1
40.87,40.9,26.35,1
40.71,41.3,38.96,1
39.72,25.6,31.56,1
38.61,18.6,20.17,0
39.04,23.8,21.63,0
39.11,33.6,35.39,1
38.87,44.9,36.84,1
39.65,33.3,32.5,1
38.38,57.4,30.92,1
40.0,36.0,36.35,1
39.2,29.2,21.94,0
40.8,42.8,38.56,1
38.41,49.1,35.99,1
40.37,39.7,35.96,1
38.27,24.1,23.25,0
39.18,16.1,22.03,0
40.54,40.3,39.61,1
38.33,27.5,23.66,0
40.31,29.2,37.71,1
40.99,39.1,24.41,1
39.64,25.9,33.85,1
40.29,39.8,38.06,1
38.57,10.1,29.46,0
38.44,23.9,25.42,0
40.52,50.8,23.94,1
38.31,15.1,29.9,0
38.88,18.8,25.2,0
40.55,43.5,24.83,1
39.02,58.0,26.57,0
38.27,50.4,36.14,1
38.96,48.5,31.3,1
39.55,30.5,31.06,1
39.84,38.1,31.08,1
38.98,18.9,28.92,0
40.02,34.9,36.93,1
38.54,44.7,35.27,1
38.48,16.5,29.93,0
39.51,28.7,30.64,1
40.0,34.4,34.45,1
38.68,55.9,30.62,1
39.0,30.5,30.67,1
39.96,36.2,34.77,1
38.23,51.1,32.63,1
40.57,40.3,36.45,1
40.11,35.7,33.55,1
38.85,23.1,29.36,0
40.23,35.2,36.21,1
38.89,47.1,34.56,1
38.39,10.1,22.02,0
40.19,39.7,34.72,1
38.88,14.5,29.28,0
38.38,20.2,30.85,0
40.34,34.6,36.66,1
38.84,11.8,21.38,0
38.6,52.9,30.5,1
39.02,20.4,24.12,0
39.57,32.0,32.31,1
38.86,35.9,36.41,1
38.61,17.8,23.33,0
39.23,35.6,32.42,1
39.69,44.1,25.64,1
39.92,33.0,31.74,1
40.73,20.1,26.88,0
39.98,31.8,32.0,1
40.15,37.2,35.45,1
38.91,11.9,28.49,0
39.69,24.8,30.55,1
38.42,18.5,21.48,0
38.64,18.6,22.44,0
38.48,42.3,37.08,1
40.29,35.0,36.42,1
40.2,40.9,35.85,1
39.06,25.3,30.51,0
39.06,54.0,31.91,1
39.79,34.7,34.32,1
38.82,15.7,24.71,0
38.39,49.3,37.6,1
40.5,34.3,38.09,1
38.73,57.3,37.05,1
38.73,26.5,22.37,0
40.44,18.3,22.67,0
38.68,23.7,25.86,0
38.99,22.3,26.1,0
39.17,17.4,29.53,0
38.18,12.3,26.67,0
38.57,51.2,30.83,1
39.12,14.9,23.04,0
40.11,36.4,38.16,1
39.12,50.8,31.62,1
38.8,11.5,24.89,0
40.52,40.8,39.4,1
38.39,53.8,36.95,1
38.54,57.5,35.07,1
38.32,53.5,33.75,1
38.81,24.6,21.61,0
40.57,45.8,38.16,1
40.07,35.6,34.76,1
39.12,44.7,34.13,1
40.56,37.2,37.41,1
39.07,38.2,35.03,1
40.71,40.1,38.3,1
40.35,11.1,26.19,0
38.66,17.1,21.25,0
39.77,51.4,26.2,1
38.99,22.1,35.55,0
38.87,33.7,33.79,1
39.75,37.4,26.38,1
40.09,33.3,35.67,1
40.19,40.0,21.84,1
39.87,29.8,20.11,1
40.44,42.4,39.75,1
38.76,29.4,36.61,1
39.9,44.8,25.44,1
40.16,30.2,33.82,1
39.77,34.4,31.81,1
38.51,18.5,22.49,0
39.36,25.3,28.15,0
38.71,17.5,26.81,0
40.58,38.9,36.82,1
38.74,12.6,24.9,0
39.76,31.0,34.15,1
39.18,24.6,29.04,0
38.9,10.5,33.46,0
40.07,32.7,33.61,1
39.09,39.3,33.32,1
38.81,11.7,37.24,0
38.36,27.9,20.52,0
39.15,45.2,35.49,1
39.93,33.4,32.32,1
38.38,19.1,23.14,0
38.76,18.3,30.6,0
40.15,41.9,25.68,1
38.43,25.7,21.76,0
38.58,36.6,30.7,1
39.11,18.0,27.37,0
38.82,21.2,29.99,0
39.73,34.3,32.3,1
38.79,18.6,24.34,0
39.18,23.9,24.9,0
39.88,36.4,32.64,1
38.39,14.0,29.03,0
38.64,20.7,27.35,0
40.35,44.9,38.04,1
38.93,16.0,29.28,0
40.2,35.9,35.61,1
38.61,17.9,22.02,0
38.61,17.7,22.07,0
40.84,51.8,29.78,1
38.62,48.6,34.38,1
38.86,27.0,34.52,0
39.9,34.6,33.16,1
40.8,42.5,36.94,1
40.69,40.7,23.41,1
40.69,44.3,40.0,1
38.42,24.7,36.68,0
38.73,58.0,36.84,1
38.91,48.5,32.73,1
39.89,44.9,27.81,1
38.92,41.8,35.29,1
40.04,37.2,34.31,1
38.33,28.9,27.75,0
40.14,37.0,36.21,1
39.61,33.8,33.53,1
39.02,16.4,21.44,0
38.63,55.4,35.94,1
40.45,35.3,38.06,1
39.92,37.2,23.86,1
38.48,18.2,28.5,0
40.3,38.1,37.26,1
39.97,34.4,27.5,1
39.38,32.9,32.55,1
38.87,21.9,27.74,0
40.7,49.5,27.77,1
40.05,20.2,20.15,0
38.61,58.7,26.39,0
39.2,15.2,29.52,0
40.71,33.2,21.49,1
38.48,27.1,26.0,0
38.81,25.7,24.13,0
40.62,40.1,38.47,1
41.01,36.1,37.85,1
38.74,13.6,32.89,0
39.88,44.1,23.45,1
40.28,17.9,26.21,0
39.98,34.6,35.76,1
39.78,43.3,21.31,1
38.63,25.3,24.01,0
39.32,30.5,30.64,1
40.38,40.5,38.26,1
40.07,29.7,32.43,1
39.12,20.2,32.25,0
38.44,22.2,20.45,0
38.66,26.2,28.75,0
39.03,24.4,23.18,0
40.06,38.2,29.77,1
38.4,33.6,32.12,1
38.6,32.2,31.08,1
38.9,30.6,35.83,1
39.92,50.2,22.99,1
38.97,20.0,28.97,0
38.92,26.9,37.49,0
38.12,27.1,21.43,0
38.6,33.9,34.04,1
38.83,15.8,21.24,0
38.7,55.8,30.76,1
40.59,33.2,35.19,1
40.7,51.1,26.54,1
38.47,58.0,37.74,1
39.24,26.3,24.81,0
39.16,33.1,33.21,1
38.49,28.7,29.02,0
40.71,38.9,23.75,1
38.77,19.7,20.66,0
40.51,16.6,24.51,0
39.01,48.7,36.63,1
38.51,45.6,33.37,1
39.85,34.9,32.81,1
38.96,14.5,26.16,0
41.07,42.6,39.17,1
38.92,12.7,29.36,0
38.55,50.1,36.86,1
39.8,37.0,32.94,1
40.48,11.7,27.05,0
39.03,20.6,28.38,0
39.09,18.1,22.45,0
38.94,12.2,22.71,0
40.11,32.0,27.87,1
39.59,28.5,30.96,1
40.37,37.7,37.81,1
38.92,26.0,22.41,0
39.13,53.3,32.88,1
38.4,14.5,26.22,0
40.11,40.2,35.55,1
39.02,21.4,27.18,0
40.41,36.1,35.44,1
40.03,36.1,35.29,1
40.39,38.7,36.82,1
39.14,30.8,35.04,1
40.33,42.5,37.28,1
38.93,26.9,21.47,0
38.69,14.9,20.3,0
40.5,51.3,23.22,1
39.24,23.3,26.03,0
38.98,20.1,34.66,0
38.89,12.3,20.61,0
39.35,21.4,28.0,0
38.4,31.5,36.53,1
38.28,22.3,26.54,0
40.2,38.0,21.75,1
40.14,34.9,24.67,1
40.55,39.0,35.9,1
39.05,10.8,23.88,0
39.14,21.2,24.05,0
38.16,26.6,20.96,0
39.38,28.2,30.83,0
38.4,27.5,23.39,0
38.9,54.6,31.15,1
39.19,47.8,37.33,1
39.96,45.0,25.51,1
40.5,38.4,38.05,1
38.53,45.7,30.85,1
38.39,27.0,32.66,0
39.1,28.1,29.9,0
39.17,28.7,30.62,0
38.34,50.4,30.94,1
38.76,35.9,33.2,1
38.51,18.5,25.94,0
40.41,38.5,37.19,1
40.45,35.5,37.17,1
40.12,39.2,34.1,1
40.17,29.6,34.51,1
38.38,17.0,28.52,0
39.0,26.2,29.7,0
38.71,58.1,32.69,1
39.91,32.7,31.13,1
39.22,16.0,23.98,0
38.98,57.9,34.21,1
38.5,18.0,24.18,0
39.35,26.2,30.55,0
40.22,34.4,35.09,1
40.47,54.8,29.63,1
38.43,51.7,36.05,1
39.23,18.6,20.67,0
38.84,55.5,29.18,0
38.52,15.6,27.18,0
38.77,19.5,26.83,0
39.15,35.3,36.96,1
40.19,34.0,29.68,1
39.38,30.1,29.74,0
38.26,56.0,32.01,1
38.46,30.8,37.65,1
40.64,39.6,38.75,1
39.19,10.3,24.58,0
39.09,22.6,25.06,0
38.91,17.9,32.11,0
40.23,38.1,36.16,1
40.6,44.6,39.53,1
38.78,17.0,27.65,0
40.65,38.7,37.7,1
38.87,49.6,35.44,1
39.06,36.9,34.24,1
39.88,33.7,33.7,1
38.97,28.3,27.03,0
40.92,47.5,37.99,1
39.26,19.5,37.8,0
39.23,17.4,29.8,0
40.17,24.8,20.67,0
38.68,20.1,28.37,0
38.92,52.9,37.2,1
38.77,10.0,27.86,0
40.07,35.9,36.05,1
38.47,52.8,35.56,1
40.41,39.3,36.28,1
39.69,28.5,31.01,1
40.61,38.9,37.85,1
38.98,57.8,31.91,1
38.72,42.8,31.29,1
39.81,38.2,26.25,1
39.05,11.2,29.92,0
39.31,47.0,29.05,0
38.91,56.5,31.49,1
38.36,19.9,22.16,0
39.86,35.0,35.12,1
38.71,15.1,21.34,0
40.8,54.3,22.35,1
38.48,58.3,33.1,1
40.47,40.4,38.06,1
38.35,26.8,23.62,0
38.38,19.5,23.12,0
40.29,39.0,34.63,1
40.51,40.2,37.04,1
39.99,32.5,32.79,1
38.77,20.2,24.61,0
40.13,22.7,24.46,0
40.38,33.5,33.62,1
38.89,47.5,33.59,1
38.33,33.6,32.26,1
38.86,10.9,21.95,0
40.22,35.7,34.77,1
40.55,40.5,38.73,1
38.83,25.7,23.65,0
39.9,38.8,36.42,1
38.74,36.3,35.24,1
39.84,30.4,30.81,1
38.57,24.8,29.19,0
39.15,13.3,34.57,0
38.68,32.7,23.42,0
40.71,43.0,38.9,1
39.79,27.9,31.98,1
39.68,34.1,31.59,1
39.17,33.5,35.2,1
39.96,38.4,33.25,1
40.57,37.1,38.21,1
38.55,14.9,24.68,0
38.83,13.1,27.8,0
39.14,37.3,30.85,1
40.48,43.3,37.99,1
38.88,46.6,30.6,1
38.91,15.7,29.68,0
40.61,42.7,36.77,1
39.74,29.4,32.5,1
38.94,32.0,28.47,0
38.37,26.0,25.53,0
38.75,22.0,23.38,0
38.42,12.6,25.94,0
39.82,29.3,31.4,1
40.13,37.1,35.97,1
38.94,51.3,30.64,1
39.0,45.0,30.86,1
38.84,13.7,27.78,0
39.19,49.2,20.51,0
38.84,14.0,26.1,0
39.79,30.5,33.99,1
40.28,40.6,23.51,1
38.72,41.9,37.74,1
38.63,20.0,24.82,0
38.24,27.1,27.72,0
38.88,18.6,24.35,0
39.0,14.4,20.05,0
40.16,41.5,27.61,1
40.16,46.2,25.84,1
40.27,43.0,36.94,1
38.74,14.8,24.83,0
40.9,48.6,22.25,1
39.17,16.6,25.24,0
38.63,39.0,31.57,1
38.91,33.2,35.93,1
38.77,36.4,32.63,1
40.54,40.1,37.73,1
39.67,12.0,22.0,0
39.8,29.2,33.97,1
40.26,41.8,38.42,1
38.73,43.5,32.88,1
39.86,32.6,31.39,1
40.57,39.7,38.71,1
40.05,37.1,35.71,1
38.44,55.0,32.07,1
38.68,18.2,27.63,0
40.16,50.8,24.49,1
39.94,11.0,25.85,0
39.03,59.8,36.26,1
40.65,51.2,21.1,1
39.67,33.7,33.44,1
38.96,17.9,24.91,0
40.09,47.1,24.38,1
39.23,11.2,26.48,0
38.64,19.2,21.96,0
40.06,27.8,30.74,1
38.42,32.9,36.46,1
40.92,12.2,27.31,0
39.97,42.3,35.31,1
38.39,22.0,21.79,0
38.68,23.7,27.19,0
38.95,31.2,35.33,1
39.35,44.9,29.77,0
38.41,19.3,20.12,0
39.1,13.3,25.31,0
38.93,22.2,35.49,0
38.97,16.9,26.53,0
39.32,21.4,28.23,0
38.68,43.1,32.28,1
38.88,22.5,22.3,0
40.18,38.6,35.95,1
39.6,36.2,33.07,1
40.08,29.7,33.04,1
38.44,34.8,30.58,1
38.53,19.9,22.53,0
39.53,31.4,31.06,1
38.79,13.1,20.8,0
40.84,45.9,39.99,1
39.06,24.5,21.37,0
39.73,29.9,32.54,1
40.08,32.0,33.24,1
38.69,13.5,26.54,0
39.92,38.4,34.58,1
39.1,32.1,23.27,0
39.81,37.3,34.61,1
40.32,43.6,37.64,1
38.77,24.0,28.63,0
38.85,17.4,27.13,0
40.45,33.0,23.61,1
39.59,31.4,32.65,1
38.55,12.6,37.6,0
38.44,27.8,28.16,0
40.6,37.9,38.87,1
39.04,19.5,26.82,0
39.41,27.4,30.81,0
38.3,25.2,28.46,0
40.05,31.2,29.67,1
38.87,14.3,23.31,0
40.1,39.1,37.78,1
39.49,28.8,31.5,0
40.67,41.4,38.54,1
40.34,16.3,27.55,0
39.65,24.9,31.25,1
40.22,38.4,35.51,1
39.12,22.3,24.65,0
40.43,37.7,35.5,1
39.68,31.0,30.62,1
40.58,13.6,25.72,0
39.11,38.7,34.03,1
39.71,31.8,33.72,1
38.53,50.8,36.57,1
38.68,49.2,30.59,1
38.87,13.2,28.75,0
39.65,25.5,29.08,0
38.63,41.7,34.68,1
39.09,43.5,36.45,1
40.31,18.2,29.02,0
40.03,41.8,36.26,1
38.45,55.4,30.52,1
40.32,31.6,34.14,1
38.38,18.1,28.93,0
38.82,49.6,35.62,1
39.74,29.0,33.08,1
38.64,33.5,32.69,1
38.51,31.7,32.4,1
39.91,27.0,30.67,1
38.65,49.4,34.39,1
40.33,30.7,33.6,1
39.25,10.7,38.0,0
39.04,40.6,32.73,1
40.73,43.2,39.19,1
39.29,16.6,27.98,0
38.7,28.9,21.6,0
40.13,50.0,22.76,1
38.78,21.9,20.02,0
39.37,31.4,32.14,1
40.12,39.3,35.8,1
39.14,22.7,20.95,0
40.72,42.0,39.9,1
39.12,25.4,35.5,0
39.08,29.1,26.94,0
40.75,14.0,26.21,0
39.14,20.8,21.15,0
39.02,25.7,30.76,0
38.48,53.8,30.81,1
38.72,22.2,34.38,0
39.33,58.5,20.2,0
38.44,23.2,20.09,0
39.63,36.2,32.17,1
40.73,36.5,29.16,1
39.26,19.5,26.32,0
39.08,46.5,37.82,1
40.97,24.6,28.45,0
39.64,34.7,33.51,1
39.8,28.6,32.11,1
38.65,23.2,21.05,0
39.95,31.5,33.11,1
40.13,50.6,22.47,1
40.31,26.5,21.77,0
39.08,22.4,22.65,0
38.52,23.6,22.44,0
38.41,21.6,20.94,0
38.43,40.6,32.5,1
39.97,37.3,30.71,1
38.96,53.5,32.61,1
38.56,45.4,37.25,1
39.71,16.5,23.42,0
40.39,41.2,37.27,1
40.42,24.4,24.23,0
38.3,18.1,20.25,0
39.92,36.3,36.27,1
39.0,20.4,22.09,0
38.63,32.7,21.22,0
39.76,43.1,26.77,1
38.35,59.1,30.53,1
38.6,28.3,25.91,0
39.35,24.0,34.92,0
40.06,36.3,34.05,1
39.75,29.4,31.66,1
38.32,50.8,28.03,0
38.96,34.1,36.95,1
38.54,17.2,24.08,0
39.22,19.6,21.22,0
40.46,34.6,35.19,1
38.56,12.4,26.7,0
38.83,8.8,23.68,0
38.94,15.1,27.61,0
38.48,15.9,25.96,0
39.77,28.9,30.5,1
39.06,20.6,23.71,0
40.79,51.8,24.75,1
40.35,43.1,37.62,1
39.0,22.5,22.02,0
38.47,42.9,31.86,1
38.76,20.5,24.56,0
38.84,32.6,35.27,1
39.39,32.4,33.01,1
40.88,11.9,29.36,0
39.74,35.2,33.08,1
39.05,23.0,21.19,0
40.02,39.4,35.03,1
40.69,24.7,24.58,0
39.58,33.1,31.45,1
40.25,49.1,27.04,1
40.55,39.8,38.28,1
39.08,21.9,35.98,0
38.92,10.4,21.2,0
39.06,21.0,20.23,0
38.77,15.4,29.77,0
39.2,27.6,28.79,0
38.68,40.9,35.91,1
38.93,18.4,21.39,0
39.75,44.6,24.68,1
39.09,14.1,29.71,0
39.97,39.2,36.37,1
38.38,49.3,37.16,1
40.08,30.7,31.91,1
38.42,28.5,25.3,0
38.58,25.5,26.56,0
40.95,21.2,24.03,0
38.38,17.1,25.72,0
38.85,17.2,26.85,0
38.62,20.7,24.62,0
38.83,19.4,22.37,0
39.09,59.2,35.08,1
39.91,36.0,34.23,1
39.56,28.1,31.21,1
38.67,49.8,25.3,0
39.73,34.2,33.93,1
38.29,11.8,25.17,0
38.65,16.0,26.41,0
40.65,44.2,27.49,1
38.88,38.6,24.23,0
40.49,39.8,37.62,1
40.45,48.6,21.84,1
39.12,32.7,36.26,1
38.66,33.7,35.39,1
39.97,39.1,20.58,1
40.96,14.7,22.52,0
39.19,47.1,33.66,1
40.9,43.6,38.84,1
39.93,34.2,32.6,1
38.56,47.7,28.78,0
40.54,47.1,38.63,1
38.94,24.8,21.79,0
40.43,43.1,39.6,1
39.28,23.9,31.33,0
40.2,41.0,37.97,1
40.47,40.3,38.07,1
39.92,30.7,30.93,1
38.68,14.7,26.5,0
38.69,18.0,21.31,0
38.67,36.9,33.22,1
38.65,18.2,23.43,0
38.51,33.4,31.0,1
38.73,14.9,28.97,0
38.63,12.7,26.01,0
40.51,36.0,35.35,1
39.66,35.4,34.93,1
39.61,32.4,31.79,1
40.24,11.0,21.69,0
39.93,36.4,32.44,1
39.89,33.1,34.22,1
38.55,23.9,20.53,0
38.36,55.2,36.69,1
38.43,10.6,23.72,0
38.83,25.2,21.54,0
39.63,42.5,26.14,1
40.18,41.6,36.04,1
38.5,13.5,26.16,0
39.72,30.9,34.52,1
39.64,38.0,34.24,1
38.74,45.0,34.3,1
40.31,34.9,36.75,1
39.18,15.5,28.96,0
38.58,43.9,34.16,1
39.8,47.1,23.03,1
40.37,22.7,29.73,0
39.61,37.7,31.34,1
40.22,36.1,33.71,1
40.68,12.0,28.42,0
40.22,29.0,33.59,1
38.53,16.3,23.17,0
40.33,18.5,22.18,0
38.64,18.2,21.32,0
39.2,11.7,22.45,0
38.96,18.0,29.46,0
39.69,52.4,23.97,1
38.26,19.3,26.33,0
40.17,37.8,37.45,1
40.69,39.7,37.06,1
38.78,57.3,33.85,1
40.23,39.8,35.92,1
38.33,16.1,26.71,0
40.18,35.8,25.0,1
38.72,51.2,37.81,1
38.9,47.8,35.61,1
38.89,51.0,35.08,1
39.03,25.1,25.9,0
40.48,38.1,36.58,1
38.91,43.5,34.96,1
40.33,54.8,28.91,1
38.59,34.0,37.92,1
39.24,18.5,23.61,0
40.27,39.0,36.27,1
39.74,29.1,30.99,1
38.68,13.1,22.02,0
39.66,36.9,31.31,1
38.72,12.3,24.19,0
39.81,32.8,31.58,1
38.83,18.4,23.18,0
39.02,59.7,34.8,1
39.1,42.6,25.98,0
40.54,50.9,22.85,1
38.57,23.4,28.37,0
40.38,42.7,36.0,1
40.33,47.1,28.62,1
38.92,15.4,35.62,0
39.17,27.4,20.94,0
39.74,26.4,34.22,1
40.06,50.0,29.31,1
38.55,21.5,27.22,0
39.64,25.7,30.52,1
40.15,34.1,35.04,1
39.87,29.2,32.79,1
39.67,32.5,31.79,1
40.23,40.3,36.26,1
38.7,19.1,24.7,0
40.2,12.2,26.75,0
39.08,29.6,25.57,0
38.52,19.4,24.5,0
38.71,18.6,23.1,0
40.05,38.2,34.49,1
39.7,28.7,30.93,1
38.61,22.4,23.17,0
39.11,45.0,35.09,1
40.38,34.4,36.21,1
40.18,37.3,37.37,1
38.63,53.4,35.7,1
38.95,16.4,24.19,0
40.86,39.9,38.46,1
39.67,34.7,33.59,1
40.62,40.1,21.46,1
38.82,34.9,35.6,1
40.5,32.6,36.59,1
39.03,56.8,32.74,1
39.24,49.6,33.01,1
39.74,31.2,32.92,1
39.15,10.8,36.18,0
38.58,13.4,28.21,0
40.06,47.4,29.73,1
39.09,18.4,22.41,0
39.0,23.6,27.79,0
39.06,31.9,32.8,1
40.5,23.9,29.0,0
38.73,30.7,37.88,1
40.19,30.3,36.44,1
38.39,52.5,35.7,1
39.96,38.4,37.58,1
40.95,50.7,26.58,1
40.29,27.6,20.49,0
39.11,46.1,36.71,1
38.86,39.1,33.53,1
40.08,34.8,35.52,1
38.48,47.1,31.03,1
39.27,13.9,34.54,0
40.07,31.4,35.41,1
39.23,42.5,21.09,0
38.44,51.8,36.67,1
40.35,38.0,35.35,1
39.91,54.9,29.31,1
38.69,14.8,29.24,0
39.13,21.4,25.78,0
40.17,30.8,35.33,1
40.45,10.6,29.55,0
38.78,16.6,34.09,0
39.54,27.2,30.76,1
39.8,27.0,34.06,1
38.53,52.3,32.48,1
40.67,53.4,22.29,1
39.19,25.4,22.0,0
38.42,14.5,23.42,0
39.23,15.4,31.92,0
39.09,18.9,24.68,0
39.97,33.2,33.76,1
38.36,39.0,32.84,1
38.64,15.0,21.12,0
40.49,25.9,29.21,0
38.77,35.4,34.76,1
38.62,52.7,31.21,1
40.46,43.7,38.77,1
38.47,17.5,21.16,0
38.6,10.3,26.34,0
39.09,31.9,32.34,1
39.17,14.6,28.18,0
38.31,35.3,31.55,1
40.63,50.5,23.13,1
38.9,16.9,20.15,0
40.05,32.0,33.91,1
39.05,25.6,20.31,0
39.28,45.5,37.27,1
38.47,36.7,33.71,1
38.82,26.0,20.36,0
39.07,15.6,24.16,0
38.98,37.9,34.03,1
40.63,11.6,24.28,0
39.99,34.1,35.03,1
38.52,20.2,22.73,0
39.35,30.0,31.02,1
39.72,30.8,32.18,1
38.44,15.8,29.09,0
40.8,51.0,22.36,1
39.71,31.1,31.41,1
40.46,17.8,23.24,0
38.69,46.5,36.29,1
39.78,39.8,21.88,1
38.81,11.4,28.39,0
38.4,56.7,36.05,1
38.52,48.4,36.76,1
39.14,37.9,32.4,1
38.7,39.2,31.31,1
40.32,39.2,37.62,1
40.71,39.2,37.94,1
40.21,30.1,23.51,1
38.53,49.3,35.61,1
38.87,11.5,27.42,0
38.67,11.2,29.8,0
38.7,19.4,34.39,0
38.73,38.5,32.87,1
38.41,52.5,31.73,1
38.45,23.3,29.36,0
40.45,21.9,20.04,0
40.11,29.5,33.94,1
40.55,33.1,23.5,1
39.19,12.3,26.6,0
39.8,36.4,33.2,1
38.33,17.5,37.64,0
39.15,17.6,21.88,0
39.03,48.2,34.25,1
40.99,16.5,25.49,0
40.72,24.3,25.69,0
40.69,46.4,39.21,1
38.45,49.4,36.16,1
38.46,42.2,34.14,1
38.53,46.8,36.84,1
40.82,31.4,26.56,1
38.44,31.2,28.9,0
38.32,18.8,28.39,0
38.95,23.5,26.96,0
40.9,46.9,26.23,1
38.42,53.7,31.34,1
38.69,21.5,22.21,0
38.92,22.9,27.98,0
38.45,40.7,35.32,1
40.56,32.8,36.78,1
39.82,32.2,33.71,1
39.77,28.0,33.85,1
39.71,30.3,30.51,1
39.73,52.6,29.66,1
40.28,36.8,38.03,1
38.46,23.2,28.61,0
38.29,55.3,32.77,1
40.41,31.6,34.79,1
38.5,22.9,21.86,0
39.91,38.5,35.14,1
39.81,34.2,34.31,1
38.91,10.9,27.85,0
40.01,31.0,33.81,1
40.27,37.9,37.08,1
38.56,20.2,27.28,0
38.61,48.6,31.17,1
38.52,36.0,32.84,1
38.42,22.4,20.37,0
40.39,43.7,37.76,1
40.38,37.2,34.83,1
39.07,27.3,24.54,0
40.29,41.6,37.42,1
39.98,40.9,28.0,1
38.94,34.6,33.2,1
39.52,31.3,31.98,1
38.66,10.6,22.96,0
40.78,43.9,39.4,1
40.84,42.1,38.61,1
40.91,14.7,28.05,0
38.46,49.8,33.79,1
39.74,43.6,29.47,1
38.81,49.6,36.16,1
40.67,39.3,37.69,1
40.46,37.6,36.51,1
39.37,9.8,22.4,0
38.73,58.6,36.47,1
38.6,53.4,27.51,0
40.57,38.1,37.84,1
38.5,12.8,21.19,0
40.96,41.6,38.54,1
38.89,14.2,25.98,0
38.45,23.1,24.97,0
38.66,27.1,28.33,0
40.47,44.9,38.98,1
40.59,42.2,37.97,1
40.09,39.3,37.32,1
40.1,41.2,34.37,1
38.43,25.8,25.31,0
38.41,10.3,24.23,0
40.25,36.4,34.87,1
40.17,33.4,34.2,1
39.66,45.5,23.48,1
38.84,37.6,34.8,1
40.34,34.8,35.25,1
38.87,22.0,28.25,0
38.61,44.5,25.84,0
40.81,44.5,28.06,1
39.73,31.1,32.93,1
38.61,58.4,33.27,1
39.06,36.9,33.85,1
38.46,28.9,27.26,0
39.61,41.9,27.67,1
40.35,26.4,20.59,0
38.79,32.9,37.02,1
39.0,29.4,32.95,1
38.91,11.0,21.37,0
40.22,39.3,35.66,1
38.52,12.6,27.81,0
39.57,29.0,30.66,1
38.88,23.9,24.09,0
39.7,36.1,31.73,1
41.09,44.9,39.94,1
38.79,42.9,37.18,1
40.25,33.7,34.86,1
38.46,9.1,26.03,0
39.99,40.6,22.48,1
40.08,46.6,20.67,1
38.97,48.8,31.31,1
38.74,46.3,36.28,1
39.32,12.4,37.27,0
38.59,59.6,32.65,1
40.11,33.6,35.05,1
40.06,32.8,31.66,1
39.3,42.0,31.22,1
39.04,58.6,30.58,1
40.2,33.8,33.72,1
40.17,35.6,33.23,1
40.63,31.4,25.35,1
40.94,47.5,39.1,1
38.46,19.8,26.86,0
38.69,27.4,27.94,0
38.99,17.6,22.53,0
40.03,48.0,25.48,1
38.56,44.7,34.65,1
39.73,29.7,31.26,1
40.32,39.9,35.73,1
39.15,21.7,21.87,0
40.04,31.2,34.2,1
40.71,51.8,28.28,1
39.86,52.9,23.51,1
38.67,8.4,28.77,0
39.32,51.4,33.53,1
38.69,18.4,20.37,0
39.93,25.5,31.53,1
38.79,15.9,27.1,0
38.66,15.2,23.46,0
40.33,34.9,35.98,1
39.48,30.8,31.27,1
40.8,40.1,39.05,1
38.99,55.6,35.7,1
38.93,59.7,30.92,1
38.64,55.2,34.92,1
39.88,55.0,21.05,1
40.59,43.5,23.82,1
40.54,36.1,36.18,1
40.87,41.0,39.93,1
39.77,27.0,32.86,1
38.83,10.7,28.57,0
39.95,36.4,34.62,1
38.75,20.2,25.72,0
39.77,28.2,31.61,1
38.44,11.2,29.85,0
40.8,47.0,25.51,1
38.35,19.5,32.76,0
40.64,49.1,39.83,1
40.14,24.4,20.1,0
38.99,34.3,32.22,1
40.72,23.7,26.98,0
39.0,21.8,25.69,0
38.57,31.0,31.65,1
38.54,30.8,26.08,0
39.02,39.4,33.19,1
39.78,22.2,21.47,0
39.83,36.5,32.98,1
39.89,33.8,22.81,1
39.0,56.1,30.92,1
39.97,43.0,35.76,1
39.84,53.7,24.07,1
38.86,14.5,37.72,0
40.23,38.0,36.12,1
39.98,28.9,32.68,1
40.68,39.8,38.91,1
38.55,15.2,20.84,0
38.32,12.2,27.84,0
40.79,43.4,39.46,1
38.61,16.8,26.06,0
38.54,13.2,22.58,0
39.54,28.4,31.21,1
39.11,15.9,25.15,0
38.81,18.9,28.53,0
38.49,50.6,37.32,1
39.42,29.5,31.43,1
39.66,31.9,32.94,1
38.56,15.2,23.93,0
39.24,26.4,27.77,0
40.17,48.4,29.61,1
38.7,26.2,23.74,0
38.98,11.3,29.07,0
40.24,37.5,35.91,1
40.42,46.9,39.14,1
40.33,34.2,35.52,1
40.24,43.2,39.49,1
40.83,47.7,23.01,1
40.13,33.2,34.14,1
38.4,37.6,35.74,1
38.59,13.6,29.93,0
38.8,53.4,30.89,1
39.9,38.0,37.36,1
40.45,33.5,28.4,1
40.19,34.4,36.68,1
40.05,38.1,35.32,1
39.56,30.3,33.8,1
38.41,47.0,24.61,0
40.47,25.3,27.39,0
38.4,55.1,24.88,0
39.99,31.1,32.96,1
40.51,39.5,21.75,1
39.13,9.6,28.51,0
39.05,12.1,24.94,0
39.0,26.8,20.08,0
38.29,15.5,20.25,0
40.23,46.5,39.71,1
38.95,15.3,20.3,0
40.36,35.8,37.38,1
39.1,46.5,21.02,0
40.9,26.1,26.14,0
40.64,34.8,37.05,1
38.91,18.3,30.65,0
38.86,52.7,36.88,1
40.73,39.8,37.07,1
40.16,35.0,33.07,1
39.06,24.6,22.75,0
38.71,20.6,29.25,0
39.23,18.6,29.98,0
40.02,30.7,33.99,1
40.18,28.3,33.04,1
39.07,19.7,25.88,0
40.62,32.8,38.22,1
40.5,45.7,39.84,1
40.87,41.4,25.15,1
40.1,30.0,32.31,1
40.04,37.2,34.1,1
38.82,35.7,32.16,1
39.12,52.7,32.02,1
39.84,37.1,35.08,1
39.23,17.1,27.33,0
39.79,26.1,31.41,1
38.85,17.5,24.49,0
39.28,29.0,31.29,1
39.84,29.9,25.85,1
39.18,26.4,26.88,0
39.0,53.0,33.88,1
39.2,19.3,21.4,0
38.46,16.3,32.79,0
38.88,27.2,34.4,0
38.52,29.6,23.79,0
38.38,39.1,36.04,1
39.09,10.5,24.44,0
39.07,9.9,29.55,0
39.08,26.2,28.96,0
40.0,36.0,35.46,1
38.7,54.7,32.0,1
39.87,33.4,33.39,1
40.2,40.2,34.96,1
40.02,25.6,31.48,1
40.11,39.6,35.68,1
38.66,57.8,32.81,1
39.97,34.3,32.67,1
38.47,59.4,37.36,1
38.48,47.7,34.71,1
38.53,41.9,33.42,1
40.79,45.7,26.6,1
38.49,50.9,35.94,1
40.82,40.8,38.47,1
40.3,39.3,36.6,1
39.73,38.1,32.46,1
38.67,38.7,36.86,1
39.68,29.0,32.09,1
38.79,59.1,30.54,1
39.96,35.2,35.08,1
39.13,26.7,21.92,0
39.72,15.8,28.83,0
40.48,38.6,37.59,1
38.28,30.7,32.28,1
40.46,47.2,25.54,1
38.86,52.4,30.83,1
38.82,23.1,28.02,0
40.77,40.0,39.1,1
39.9,36.7,33.75,1
40.42,42.2,24.01,1
38.57,22.6,24.91,0
40.77,39.5,38.63,1
38.8,32.5,34.32,1
38.52,27.1,22.52,0
40.56,44.5,37.7,1
40.42,39.8,39.56,1
38.53,32.2,36.22,1
39.8,33.2,32.64,1
40.37,36.7,36.68,1
38.75,48.6,29.68,0
38.46,14.8,20.95,0
39.85,39.5,33.46,1
39.33,27.8,31.05,0
39.39,25.2,22.35,0
38.6,48.8,31.6,1
39.87,37.9,35.51,1
40.46,45.0,38.98,1
38.85,18.0,24.08,0
40.1,18.8,29.14,0
40.24,27.7,36.18,1
40.2,47.3,26.93,1
39.07,54.5,32.83,1
40.75,39.1,38.97,1
38.91,26.6,22.08,0
40.75,52.1,24.92,1
39.14,53.3,24.7,0
40.6,42.5,39.5,1
39.75,27.0,31.99,1
40.42,37.6,37.06,1
39.27,55.7,25.78,0
40.34,30.8,35.55,1
40.12,35.9,32.61,1
40.58,39.5,35.57,1
38.66,13.9,28.13,0
40.44,40.4,26.81,1
38.47,22.1,24.87,0
39.24,21.2,27.99,0
39.03,25.4,25.35,0
39.26,48.5,31.55,1
38.41,17.1,27.88,0
39.73,30.2,31.69,1
40.76,48.2,20.05,1
40.31,24.7,20.87,0
38.23,33.6,35.34,1
40.71,36.2,29.21,1
40.48,37.9,38.4,1
38.95,15.0,21.24,0
39.23,17.5,22.84,0
40.65,37.4,38.2,1
40.77,42.0,39.3,1
38.89,57.5,35.27,1
39.26,59.4,34.16,1
38.87,55.6,37.91,1
38.95,20.6,26.26,0
40.57,15.1,27.08,0
38.62,11.1,28.01,0
39.02,56.2,31.42,1
38.48,39.2,23.37,0
39.07,20.7,24.54,0
38.56,49.1,35.77,1
40.42,41.1,38.21,1
40.95,38.8,22.7,1
38.95,23.4,32.77,0
38.6,23.0,25.14,0
40.21,48.6,25.36,1
38.41,48.3,32.69,1
38.97,21.4,23.42,0
38.71,24.0,23.68,0
40.66,42.5,38.43,1
39.24,48.5,34.33,1
39.97,41.4,22.82,1
38.75,30.2,37.97,1
40.04,33.9,30.0,1
39.25,40.3,37.16,1
39.11,26.9,20.23,0
40.76,50.3,21.18,1
40.19,34.8,34.53,1
38.72,12.9,28.46,0
38.6,28.2,24.35,0
38.93,22.5,27.96,0
38.97,33.5,34.61,1
38.47,50.2,33.01,1
38.45,40.2,31.98,1
38.62,12.6,28.66,0
39.09,29.1,22.37,0
39.09,43.5,36.07,1
38.41,11.3,28.33,0
40.3,41.9,36.97,1
39.09,30.4,33.42,1
39.37,23.8,30.62,0
40.86,37.5,22.08,1
40.12,20.2,25.06,0
38.69,20.7,29.63,0
38.44,44.0,35.83,1
38.26,7.1,20.72,0
38.74,38.7,33.47,1
38.97,59.8,35.49,1
38.95,13.6,21.68,0
38.45,14.3,24.81,0
38.93,15.6,30.91,0
38.21,53.8,36.35,1
40.29,38.0,37.48,1
39.12,52.7,33.5,1
38.47,12.7,25.95,0
40.5,41.4,36.2,1
38.8,57.1,35.46,1
39.76,14.0,25.61,0
40.46,33.4,22.62,1
38.62,30.0,22.68,0
40.29,34.7,35.84,1
38.41,21.7,20.62,0
40.73,31.4,24.53,1
39.84,37.7,26.53,1
40.73,43.2,38.76,1
39.82,34.7,34.56,1
38.82,15.0,28.28,0
40.19,39.5,34.7,1
40.1,33.2,33.38,1
39.04,16.6,23.16,0
39.25,26.4,25.52,0
40.51,42.9,37.19,1
38.53,38.1,33.47,1
38.85,14.0,34.1,0
38.74,49.7,31.47,1
38.45,37.9,37.19,1
38.84,35.1,32.38,1
40.65,45.9,38.59,1
39.65,36.3,32.95,1
38.45,26.4,29.17,0
38.68,57.6,30.75,1
38.46,19.9,29.59,0
40.71,37.2,25.66,1
39.92,25.6,31.4,1
39.03,53.3,37.35,1
40.41,41.3,37.49,1
39.08,40.6,35.82,1
40.09,36.5,35.95,1
38.41,11.0,24.61,0
38.98,58.4,35.12,1
40.55,40.4,37.32,1
39.19,14.9,29.31,0
40.77,42.2,25.41,1
38.57,37.5,26.16,0
38.76,42.2,30.97,1
39.64,29.7,31.67,1
40.18,36.7,37.14,1
38.64,25.2,23.94,0
39.48,35.8,31.51,1
39.09,20.5,27.39,0
39.02,54.4,32.8,1
38.86,17.3,27.83,0
39.27,34.5,33.3,1
39.01,14.8,23.41,0
38.85,31.6,34.36,1
38.38,14.9,20.01,0
38.84,57.6,36.43,1
39.94,38.8,33.1,1
39.09,55.1,37.68,1
40.24,38.8,36.7,1
38.19,22.9,25.79,0
40.33,40.8,38.14,1
38.63,50.4,31.51,1
39.9,31.3,35.75,1
38.93,19.5,28.32,0
38.68,56.0,36.49,1
40.19,35.7,35.47,1
40.21,35.2,32.62,1
38.34,23.1,22.89,0
39.04,19.4,20.9,0
40.6,40.6,38.82,1
38.34,21.3,35.81,0
40.56,34.1,36.58,1
40.34,36.2,33.84,1
38.81,30.2,22.96,0
38.97,53.3,33.02,1
39.18,12.3,23.43,0
38.62,11.5,21.03,0
39.86,33.4,31.89,1
38.67,34.3,30.85,1
40.69,42.2,39.89,1
38.98,20.2,29.55,0
40.99,38.9,22.14,1
40.04,28.8,32.36,1
38.62,11.8,26.4,0
39.06,38.0,35.03,1
39.01,17.3,30.77,0
38.5,16.6,24.79,0
39.07,18.1,28.26,0
39.76,27.0,31.68,1
40.2,35.6,37.21,1
39.71,32.1,31.99,1
38.91,53.3,20.52,0
38.8,53.7,28.36,0
38.69,26.7,22.39,0
38.84,24.9,27.87,0
40.32,34.0,35.12,1
38.46,25.8,30.92,0
38.84,33.5,31.31,1
39.85,33.6,32.65,1
40.08,30.9,34.84,1
39.12,40.8,37.47,1
39.69,45.4,26.08,1
38.52,20.4,30.77,0
38.49,41.8,32.49,1
40.32,47.3,35.8,1
40.45,40.2,36.56,1
39.01,51.8,35.85,1
40.53,43.4,38.93,1
38.74,24.7,23.94,0
38.66,16.6,25.66,0
38.75,49.2,31.81,1
39.8,30.1,33.81,1
38.63,11.3,22.85,0
39.85,39.7,22.45,1
38.85,31.4,34.07,1
38.63,42.4,31.45,1
39.13,29.8,35.82,1
40.22,35.9,34.17,1
38.61,16.2,32.65,0
38.65,55.7,37.79,1
38.4,26.9,25.42,0
39.04,15.7,24.32,0
39.11,21.5,26.6,0
39.1,34.3,36.55,1
38.26,16.7,21.81,0
40.35,36.1,33.77,1
40.69,44.6,39.91,1
38.98,58.5,33.8,1
38.71,26.3,25.54,0
40.05,38.1,33.75,1
38.58,58.2,29.56,0
39.92,31.6,33.51,1
38.54,39.5,31.75,1
38.64,41.7,26.57,0
40.33,35.7,35.58,1
38.85,18.0,20.41,0
39.87,28.6,32.37,1
39.8,30.3,31.59,1
39.79,30.3,28.87,1
38.41,22.8,26.72,0
39.92,30.5,32.08,1
40.45,19.0,29.42,0
40.39,33.5,31.92,1
38.87,41.1,33.89,1
39.03,17.8,28.58,0
39.08,54.9,36.11,1
40.31,31.7,20.65,1
38.63,39.7,34.32,1
40.07,35.9,32.33,1
38.82,29.1,23.14,0
38.57,48.9,36.43,1
40.11,38.9,36.22,1
39.21,52.9,32.3,1
38.86,12.3,25.05,0
39.0,41.8,32.19,1
38.31,30.0,27.87,0
40.57,53.8,23.9,1
40.19,43.9,37.06,1
40.46,38.6,23.55,1
39.57,23.2,30.54,1
38.8,18.1,25.81,0
38.41,36.2,33.58,1
38.95,55.0,33.08,1
38.53,15.7,27.31,0
39.02,12.3,24.08,0
39.96,30.7,33.66,1
40.2,36.8,36.76,1
40.41,37.4,37.24,1
38.37,44.0,30.58,1
38.62,20.2,20.21,0
38.97,23.7,28.02,0
40.1,42.0,35.38,1
39.09,15.9,29.07,0
40.21,38.6,36.67,1
39.15,12.9,20.49,0
40.58,34.4,37.42,1
38.68,37.3,32.56,1
38.8,17.5,27.79,0
38.53,50.9,32.41,1
38.98,32.9,31.39,1
40.14,34.7,27.78,1
40.18,38.3,37.08,1
40.7,45.5,39.6,1
38.77,31.6,32.18,1
38.48,48.9,36.5,1
39.28,22.6,23.99,0
39.16,19.6,25.54,0
39.03,42.8,32.85,1
39.79,34.8,33.65,1
38.74,22.9,23.39,0
38.65,57.9,30.61,1
40.52,29.0,29.78,1
40.91,34.7,39.14,1
38.87,57.0,37.75,1
40.08,32.0,34.26,1
39.77,24.9,30.91,1
39.04,29.2,21.4,0
38.9,26.3,25.04,0
40.76,39.0,37.31,1
38.71,30.0,35.68,1
38.98,21.8,25.53,0
38.37,54.3,35.87,1
39.42,36.9,32.15,1
38.29,47.7,34.73,1
40.65,32.8,35.83,1
38.56,13.4,26.32,0
40.38,35.1,36.52,1
39.05,27.1,27.58,0
40.05,33.1,33.96,1
38.34,13.4,21.58,0
39.02,50.4,36.8,1
38.43,36.4,37.52,1
39.17,39.1,32.75,1
38.96,16.3,21.0,0
39.75,28.3,30.85,1
39.85,42.0,23.11,1
39.97,46.4,29.34,1
38.85,44.5,36.26,1
38.7,17.3,23.11,0
38.48,37.4,32.48,1
38.32,29.5,26.75,0
40.12,37.3,35.58,1
38.44,25.2,26.62,0
38.44,57.7,32.83,1
38.84,36.2,36.46,1
40.69,43.2,39.98,1
40.2,36.1,36.2,1
40.13,31.9,32.44,1
40.24,37.2,36.21,1
40.79,37.1,37.39,1
38.71,23.6,21.14,0
40.12,37.6,35.56,1
39.26,13.4,36.71,0
38.97,33.3,33.2,1
40.87,38.6,20.7,1
40.41,16.6,27.8,0
39.67,52.3,25.53,1
39.62,29.4,31.03,1
39.01,8.9,27.27,0
39.79,34.2,32.6,1
39.63,36.3,33.59,1
38.89,22.0,20.45,0
38.66,12.9,25.65,0
40.63,39.8,37.43,1
39.88,30.0,24.13,1
38.58,12.7,22.71,0
38.37,45.5,22.14,0
39.11,22.5,26.83,0
39.83,32.0,32.82,1
40.55,13.8,25.01,0
38.41,25.6,24.17,0
38.64,21.1,27.55,0
38.42,34.9,30.53,1
38.57,55.3,32.32,1
38.99,10.7,23.85,0
38.6,26.3,29.09,0
40.14,27.9,34.8,1
38.83,48.6,35.94,1
39.19,19.2,28.41,0
40.08,34.4,33.52,1
39.77,30.5,30.55,1
38.68,44.9,37.34,1
38.52,24.9,22.53,0
38.69,16.5,28.23,0
38.89,11.9,23.77,0
38.29,25.6,25.07,0
38.46,19.1,23.34,0
38.93,37.8,35.72,1
38.78,28.9,29.99,0
40.62,41.8,38.54,1
40.99,45.3,22.18,1
38.47,19.6,26.78,0
40.12,31.2,35.89,1
38.69,28.1,27.84,0
40.68,37.3,22.06,1
38.82,34.5,36.6,1
39.3,58.1,34.17,1
39.01,48.6,36.03,1
38.75,57.7,30.77,1
39.95,35.5,31.08,1
40.33,38.7,36.63,1
38.27,49.9,37.23,1
39.78,31.8,32.22,1
39.2,13.0,21.81,0
39.2,56.3,22.02,0
40.46,11.0,28.48,0
40.09,39.8,36.73,1
38.36,23.4,20.49,0
39.09,16.3,32.59,0
38.36,19.5,23.79,0
39.83,39.2,24.57,1
39.74,40.2,28.8,1
39.91,32.5,32.99,1
38.42,24.3,28.49,0
40.05,48.7,27.42,1
39.14,16.9,27.17,0
38.81,21.9,29.38,0
39.74,27.7,32.7,1
39.75,45.6,21.9,1
39.68,31.0,33.0,1
40.5,35.2,34.53,1
40.99,39.3,29.48,1
39.02,34.2,24.5,0
38.88,31.6,34.13,1
39.24,12.9,37.76,0
39.85,35.7,32.1,1
38.55,58.0,34.99,1
39.27,39.0,35.88,1
40.56,43.4,38.59,1
39.19,15.9,21.93,0
40.44,37.9,38.25,1
38.7,25.2,24.48,0
39.01,10.2,37.41,0
39.93,29.8,34.19,1
38.68,34.8,34.28,1
39.32,24.3,28.04,0
38.89,24.5,27.73,0
39.12,36.2,37.48,1
39.22,49.3,31.14,1
40.32,35.8,37.11,1
40.63,47.0,29.87,1
41.06,43.4,39.57,1
38.35,29.4,37.01,1
39.96,29.3,31.59,1
38.51,41.6,31.95,1
40.48,45.8,24.27,1
40.32,40.5,36.76,1
38.61,11.7,37.6,0
40.08,36.8,35.81,1
40.43,33.6,34.66,1
38.77,27.1,25.91,0
38.61,12.8,24.09,0
39.0,21.5,27.63,0
39.15,18.4,20.12,0
38.54,11.9,23.99,0
39.16,56.5,24.21,0
38.33,42.4,32.64,1
38.51,30.6,20.06,0
38.55,25.1,36.14,0
38.6,31.9,32.79,1
40.72,42.8,39.74,1
39.69,32.9,30.53,1
38.82,59.8,35.84,1
40.31,44.7,38.7,1
38.48,20.6,29.58,0
39.05,13.1,24.38,0
40.43,44.2,38.84,1
38.38,34.3,33.36,1
40.34,36.3,35.15,1
39.91,46.0,21.94,1
38.62,20.0,25.9,0
38.95,48.0,35.14,1
40.11,33.1,36.36,1
38.82,27.2,26.68,0
39.15,14.1,29.27,0
39.1,18.2,28.27,0
38.6,12.0,33.12,0
38.22,36.3,30.77,1
38.94,21.2,28.43,0
39.72,28.8,31.15,1
40.64,20.9,23.01,0
39.87,31.2,32.33,1
40.2,21.2,28.98,0
38.58,13.6,23.18,0
39.84,24.3,20.77,0
40.41,45.6,39.01,1
38.69,30.3,34.25,1
40.28,41.7,38.19,1
39.65,30.4,32.42,1
39.46,35.6,30.77,1
38.92,46.7,35.74,1
38.94,56.7,32.0,1
38.88,23.8,21.67,0
39.14,56.3,32.78,1
38.19,14.5,27.58,0
39.37,34.9,31.09,1
39.98,31.0,35.51,1
38.51,12.6,29.17,0
40.85,46.4,39.03,1
38.91,41.3,34.26,1
38.25,17.3,28.61,0
38.54,53.1,32.99,1
38.73,12.5,23.94,0
39.16,48.9,35.98,1
38.48,51.2,31.95,1
39.81,52.4,21.31,1
38.75,10.6,23.02,0
40.65,42.9,39.54,1
38.39,52.3,36.08,1
40.72,36.9,27.62,1
40.16,41.4,36.48,1
38.88,11.9,24.96,0
40.49,38.3,37.26,1
38.79,51.6,36.66,1
39.19,24.7,28.51,0
39.07,51.4,35.66,1
38.8,43.8,31.24,1
38.48,25.5,21.85,0
38.34,34.6,34.15,1
38.43,22.9,24.2,0
40.24,39.8,29.31,1
39.1,31.1,36.39,1
39.4,23.0,33.1,0
38.59,16.4,23.77,0
38.33,23.7,21.38,0
38.54,34.4,32.38,1
40.72,25.5,29.21,0
40.0,25.1,31.13,1
38.46,25.2,23.17,0
38.36,37.0,30.96,1
39.99,52.6,29.59,1
39.34,17.5,25.05,0
38.43,20.0,23.42,0
40.09,38.9,36.17,1
40.01,34.5,34.58,1
39.02,22.4,28.44,0
39.51,24.9,31.75,1
38.43,14.8,22.12,0
40.14,54.9,28.91,1
40.55,38.8,36.69,1
38.78,21.1,26.31,0
39.57,29.7,30.8,1
38.65,14.8,23.19,0
39.1,29.3,25.95,0
38.99,15.2,26.12,0
40.96,22.2,27.71,0
38.26,36.2,34.87,1
39.89,38.0,35.33,1
38.33,55.3,32.38,1
38.86,35.9,32.18,1
40.05,35.9,33.16,1
40.99,36.9,26.08,1
40.56,40.6,39.81,1
40.25,40.3,36.21,1
38.83,13.7,28.44,0
40.66,42.2,39.64,1
40.13,31.7,35.89,1
39.03,18.3,21.92,0
39.69,28.9,30.55,1
38.88,51.0,32.14,1
39.24,20.1,28.01,0
39.02,27.2,22.84,0
40.01,32.1,27.79,1
38.54,10.5,22.92,0
40.28,38.8,26.97,1
38.59,33.8,33.15,1
40.41,54.0,26.33,1
40.18,38.9,23.39,1
38.42,38.2,35.91,1
38.35,19.5,29.76,0
40.1,41.4,36.44,1
38.85,50.3,37.8,1
38.47,17.5,32.64,0
39.87,15.3,26.85,0
38.86,57.8,30.78,1
40.43,36.0,36.31,1
40.52,50.8,20.76,1
38.73,40.7,32.19,1
38.23,57.7,37.63,1
40.26,42.7,37.37,1
40.37,36.5,34.83,1
39.81,37.7,33.31,1
40.24,30.2,21.39,1
40.3,45.3,39.81,1
38.67,38.0,33.88,1
39.97,34.3,34.78,1
39.74,44.6,24.46,1
38.66,15.0,24.25,0
39.68,40.8,23.05,1
39.31,24.9,32.61,0
39.74,21.7,24.72,0
40.42,42.0,37.14,1
40.36,13.2,27.92,0
38.32,24.5,21.73,0
39.01,17.4,29.85,0
38.76,31.2,33.03,1
38.86,23.8,27.35,0
40.07,25.6,33.0,1
38.75,18.9,24.76,0
38.71,14.6,23.22,0
38.39,17.1,24.69,0
38.57,47.2,33.3,1
40.36,40.8,36.74,1
40.3,44.0,37.06,1
38.42,15.3,26.7,0
40.42,38.2,36.56,1
38.74,34.3,36.76,1
38.44,12.7,29.53,0
40.22,34.8,32.85,1
40.53,39.3,38.85,1
40.46,46.8,27.6,1
38.28,48.2,31.31,1
38.96,58.9,33.41,1
40.34,44.2,36.07,1
40.42,38.0,37.47,1
40.48,37.5,35.88,1
40.29,43.6,37.29,1
38.69,14.2,23.41,0
40.26,40.4,36.47,1
38.84,23.4,22.44,0
39.14,13.7,22.54,0
38.42,12.1,27.69,0
39.04,25.2,28.59,0
40.58,53.6,27.63,1
40.02,54.1,21.77,1
38.56,15.1,29.62,0
38.93,38.3,31.45,1
40.49,38.7,37.59,1
39.82,35.6,33.0,1
40.36,35.6,34.91,1
38.42,7.3,26.63,0
39.91,38.8,35.48,1
39.02,11.8,33.09,0
38.79,29.5,26.65,0
38.57,59.7,26.16,0
39.97,32.6,33.81,1
38.69,35.2,30.58,1
38.48,31.9,36.8,1
40.82,49.7,28.29,1
38.79,11.0,28.36,0
39.94,53.0,25.14,1
40.42,39.0,36.35,1
39.69,35.5,28.03,1
38.65,59.9,30.63,1
39.84,31.4,32.87,1
40.04,32.3,33.1,1
39.19,19.7,25.69,0
39.82,27.8,31.74,1
39.68,36.4,33.11,1
38.44,10.6,27.45,0
38.25,32.0,31.27,1
40.08,32.2,32.38,1
40.7,45.8,38.72,1
39.01,9.5,26.93,0
39.07,42.6,33.79,1
38.33,55.4,36.61,1
39.72,34.1,32.15,1
38.44,40.7,37.1,1
40.19,14.3,25.72,0
40.38,40.5,37.81,1
38.7,14.5,21.26,0
39.01,24.0,24.59,0
38.51,26.0,30.97,0
38.8,20.6,22.83,0
39.01,23.1,27.72,0
38.79,18.4,29.25,0
39.37,21.4,37.33,0
39.07,28.2,22.67,0
38.56,34.1,32.11,1
39.45,32.7,31.11,1
40.8,12.6,28.63,0
38.89,23.1,28.61,0
39.69,31.8,34.02,1
39.61,52.7,21.1,1
38.51,13.5,29.36,0
38.91,52.7,36.85,1
38.84,13.8,21.66,0
38.73,52.0,35.54,1
40.37,35.1,36.93,1
38.4,22.4,21.75,0
38.94,11.0,27.42,0
39.24,24.0,37.65,0
38.31,9.4,26.06,0
39.62,22.9,21.74,0
39.14,16.3,24.28,0
39.63,32.7,33.56,1
40.08,30.7,25.44,1
39.32,48.7,34.41,1
38.76,18.8,25.85,0
40.47,45.6,39.78,1
40.69,52.2,26.9,1
40.98,13.1,23.66,0
40.26,46.5,38.57,1
38.71,42.1,31.17,1
38.97,26.9,26.52,0
38.75,27.5,24.48,0
38.54,18.1,23.94,0
38.32,13.0,24.78,0
38.73,17.1,25.16,0
40.01,35.9,33.82,1
40.6,11.7,21.32,0
38.92,25.0,22.27,0
40.6,42.6,26.37,1
38.68,44.8,35.25,1
40.31,52.5,25.97,1
39.0,17.1,20.88,0
38.81,18.2,25.19,0
38.81,26.6,28.73,0
38.95,33.5,36.33,1
38.33,18.7,21.12,0
38.96,20.6,37.36,0
38.57,14.9,20.86,0
39.16,10.5,31.07,0
39.05,14.1,22.88,0
39.74,38.2,32.25,1
38.39,16.8,29.18,0
38.68,20.6,27.72,0
39.04,41.0,33.28,1
39.12,35.7,32.04,1
38.97,30.4,35.42,1
38.62,15.5,22.46,0
39.12,18.5,25.96,0
40.11,37.4,37.2,1
38.48,30.0,29.59,0
39.07,15.0,25.55,0
38.21,18.4,21.32,0
38.39,25.7,26.37,0
40.79,45.3,28.36,1
40.0,34.9,34.64,1
39.95,29.6,23.32,1
38.43,22.1,29.95,0
38.73,15.4,21.26,0
38.92,37.3,36.94,1
40.55,40.2,24.7,1
40.09,32.1,33.74,1
39.31,16.2,34.12,0
39.94,52.7,26.25,1
38.51,17.4,26.2,0
40.22,33.0,35.94,1
38.71,53.2,31.51,1
38.6,41.7,36.54,1
39.82,25.2,32.45,1
39.24,28.8,30.6,0
40.03,35.3,28.94,1
39.16,19.4,20.84,0
38.92,13.7,27.39,0
40.29,36.9,35.31,1
39.97,40.4,29.61,1
38.86,48.9,20.77,0
38.56,33.5,31.81,1
40.75,38.5,21.27,1
39.08,53.2,32.69,1
39.93,37.2,34.65,1
38.77,27.3,27.0,0
38.75,43.4,33.63,1
39.33,15.2,25.15,0
38.84,12.5,22.72,0
38.33,37.0,31.28,1
39.01,29.0,26.71,0
38.63,45.0,36.52,1
38.58,42.1,33.95,1
38.22,50.8,30.57,1
38.83,29.3,32.02,1
38.65,52.3,35.15,1
38.71,49.6,31.44,1
38.98,48.9,34.29,1
40.06,53.6,25.1,1
38.46,20.6,20.92,0
39.99,15.7,21.45,0
40.65,36.2,37.2,1
40.4,36.4,37.65,1
40.45,47.3,25.63,1
40.11,37.6,35.9,1
39.14,13.1,22.18,0
39.0,31.5,37.63,1
40.29,32.9,26.28,1
39.75,35.3,33.1,1
39.64,53.7,20.62,1
40.76,37.7,20.35,1
39.06,58.5,33.51,1
38.5,46.3,30.53,1
38.43,22.7,28.79,0
38.38,23.1,29.3,0
38.43,34.6,34.99,1
38.4,26.3,20.88,0
39.63,33.7,32.35,1
38.19,43.0,34.01,1
38.66,15.5,33.54,0
39.97,50.7,20.13,1
40.5,32.8,36.71,1
39.16,44.9,35.45,1
38.62,25.5,24.39,0
39.15,25.7,21.54,0
38.5,55.1,35.94,1
40.05,36.1,28.71,1
38.71,9.4,22.35,0
39.83,26.8,31.37,1
40.08,35.5,34.86,1
39.96,36.9,26.69,1
40.37,36.7,35.35,1
38.23,12.7,23.22,0
40.57,35.1,35.27,1
39.06,12.4,20.92,0
40.9,36.6,39.5,1
40.61,25.6,29.45,0
40.04,41.8,33.9,1
38.57,21.6,24.4,0
38.57,13.3,28.08,0
38.83,21.0,23.13,0
38.49,34.5,31.6,1
39.69,42.8,26.58,1
38.29,48.3,36.4,1
40.12,39.2,34.92,1
39.06,12.0,23.39,0
40.86,42.2,38.91,1
40.05,33.6,32.68,1
38.52,52.8,36.27,1
38.43,46.5,33.66,1
40.57,39.3,38.46,1
40.43,36.0,37.3,1
39.66,31.2,32.08,1
39.23,49.7,35.78,1
40.2,11.6,21.26,0
40.63,52.2,22.4,1
38.38,18.1,21.55,0
40.63,38.3,37.6,1
40.3,43.2,37.05,1
39.73,39.2,27.82,1
40.37,38.1,35.92,1
38.51,16.6,24.67,0
38.14,19.1,28.57,0
38.47,16.5,26.98,0
39.86,30.5,20.16,1
40.23,35.2,35.87,1
38.5,22.9,23.08,0
40.03,33.2,33.74,1
41.04,42.4,39.41,1
39.13,49.3,36.3,1
40.37,35.5,26.68,1
40.2,17.0,26.35,0
38.81,16.3,29.59,0
39.93,42.2,27.18,1
39.79,29.1,32.24,1
39.21,56.6,32.46,1
38.72,12.1,32.74,0
39.86,31.6,32.37,1
38.81,36.3,33.38,1
40.82,51.4,24.24,1
38.51,32.2,35.19,1
38.65,12.0,27.92,0
39.8,37.1,21.15,1
39.02,10.2,24.9,0
40.24,38.2,35.78,1
38.82,57.6,32.55,1
39.4,22.0,22.81,0
38.77,26.3,24.06,0
40.01,39.5,34.87,1
40.95,35.0,20.06,1
38.26,20.1,29.82,0
38.88,50.3,29.36,0
38.82,26.7,35.71,0
38.48,25.4,20.05,0
38.59,17.0,22.88,0
40.3,39.0,37.53,1
39.86,31.2,32.57,1
39.08,11.7,24.14,0
38.41,13.5,22.95,0
38.41,20.7,22.95,0
38.83,35.9,36.65,1
38.39,18.9,28.93,0
38.73,16.7,25.55,0
40.91,41.9,36.76,1
38.64,25.0,28.84,0
38.92,35.3,31.88,1
40.92,42.3,39.82,1
38.23,14.4,24.23,0
40.7,24.3,28.75,0
40.21,40.9,37.85,1
38.78,9.6,25.33,0
40.2,37.8,33.46,1
38.89,31.2,31.94,1
39.77,31.8,28.97,1
39.91,31.3,35.42,1
40.67,37.5,38.49,1
38.83,15.0,22.33,0
38.54,13.5,23.96,0
40.3,36.9,36.53,1
38.89,37.4,34.24,1
38.65,50.4,35.26,1
40.42,42.7,35.43,1
40.33,33.0,34.56,1
39.64,10.7,20.45,0
40.5,40.1,38.79,1
39.19,10.1,21.63,0
38.79,16.1,27.08,0
38.32,21.4,27.05,0
40.62,35.9,37.37,1
39.63,53.2,20.23,1
39.01,46.8,33.32,1
40.25,35.9,34.8,1
40.88,37.4,39.87,1
40.72,21.6,26.21,0
38.87,26.9,20.5,0
38.58,31.4,32.23,1
40.22,18.5,23.32,0
39.89,29.2,33.89,1
38.64,11.6,21.11,0
40.07,39.3,27.04,1
38.47,17.3,24.16,0
40.47,11.4,28.01,0
38.52,10.4,20.57,0
39.71,28.3,33.07,1
39.24,27.8,31.14,0
38.57,27.6,20.36,0
38.54,23.6,22.48,0
38.55,33.6,34.67,1
39.8,27.1,30.56,1
38.97,26.5,27.94,0
40.79,20.5,23.29,0
39.11,57.4,33.1,1
38.78,16.2,28.04,0
38.86,38.3,37.18,1
39.75,31.7,30.85,1
39.95,36.5,32.19,1
39.03,19.1,27.65,0
38.72,57.6,33.24,1
38.41,13.1,29.59,0
38.41,25.8,25.21,0
38.56,35.0,36.54,1
38.59,13.8,23.9,0
38.53,23.1,21.49,0
39.09,20.6,29.53,0
40.79,35.1,20.34,1
39.87,37.1,33.1,1
39.16,16.8,28.87,0
39.19,17.7,21.29,0
38.8,16.9,35.56,0
39.71,32.2,20.02,1
38.79,34.0,36.37,1
39.73,14.9,20.84,0
40.53,39.7,38.03,1
39.17,41.7,21.8,0
39.95,33.4,31.97,1
40.65,34.6,39.56,1
38.42,25.4,27.78,0
38.89,13.1,35.25,0
38.39,49.1,36.61,1
38.57,49.3,31.8,1
38.57,29.9,34.7,1
38.72,16.0,28.88,0
40.97,41.9,20.13,1
38.95,12.1,28.96,0
40.23,36.9,36.3,1
40.3,50.6,29.41,1
39.06,13.0,35.11,0
39.1,25.4,29.87,0
38.2,43.2,37.64,1
40.48,41.7,28.31,1
38.53,32.0,34.74,1
40.17,36.2,35.81,1
39.72,40.1,24.07,1
38.45,16.6,29.42,0
40.9,54.3,29.09,1
39.62,27.5,32.36,1
38.94,38.9,25.66,0
39.67,28.2,31.79,1
39.71,36.7,36.03,1
38.88,18.2,22.07,0
38.31,33.7,34.12,1
39.35,12.2,27.63,0
40.12,41.1,36.49,1
40.28,50.7,29.92,1
38.85,31.7,36.08,1
40.39,43.9,37.84,1
40.06,42.2,20.96,1
40.61,44.7,39.9,1
40.94,40.6,38.96,1
38.81,56.1,36.32,1
38.64,11.9,29.5,0
40.5,34.2,37.33,1
39.31,36.3,31.89,1
38.43,25.5,23.3,0
38.61,41.1,34.68,1
39.86,39.8,34.26,1
38.97,27.9,25.23,0
38.66,15.7,22.31,0
39.5,29.8,34.05,1
38.78,17.6,21.53,0
40.25,33.5,33.6,1
40.12,29.4,20.98,1
38.59,37.6,37.21,1
39.09,13.0,21.17,0
39.89,28.9,32.15,1
38.75,22.9,27.95,0
38.87,54.9,34.83,1
40.03,46.9,21.68,1
38.48,27.2,26.75,0
39.12,53.6,30.5,1
38.5,13.7,37.83,0
39.14,10.5,23.71,0
39.69,29.5,20.77,1
39.37,34.3,30.76,1
40.3,40.2,38.27,1
38.39,13.1,20.78,0
39.64,24.5,27.27,0
38.81,47.4,31.29,1
38.69,22.9,23.02,0
38.42,15.8,25.88,0
39.84,39.6,33.38,1
38.71,38.3,32.17,1
38.76,41.1,27.38,0
40.43,41.2,39.58,1
39.84,33.1,32.81,1
38.73,32.3,36.78,1
38.41,47.1,34.13,1
40.12,35.6,33.61,1
40.82,43.8,27.29,1
40.25,28.4,34.53,1
40.3,39.9,36.69,1
38.65,13.7,23.14,0
40.44,43.6,37.53,1
38.59,56.9,34.62,1
40.52,43.7,35.93,1
40.72,48.9,39.59,1
40.15,14.0,24.91,0
38.95,22.6,25.31,0
38.17,28.0,26.63,0
38.64,32.2,32.02,1
39.66,30.4,31.09,1
38.41,17.6,29.11,0
38.53,24.4,26.17,0
38.78,45.3,30.5,1
38.89,25.8,26.11,0
39.64,27.2,31.97,1
39.32,38.7,33.11,1
39.96,27.9,32.78,1
39.18,13.5,32.68,0
39.67,34.3,34.65,1
38.76,47.2,35.81,1
40.23,34.2,34.33,1
38.52,51.3,34.82,1
38.85,44.6,31.06,1
40.24,30.8,35.37,1
38.97,25.4,37.18,0
40.7,38.6,37.57,1
39.79,36.0,31.2,1
38.99,18.2,20.51,0
39.7,30.8,32.72,1
38.81,50.5,28.86,0
39.64,33.4,31.73,1
39.7,43.4,27.99,1
39.04,29.6,35.26,1
40.03,44.6,25.11,1
40.07,32.6,33.27,1
39.67,47.5,20.0,1
38.45,26.1,21.98,0
40.19,33.1,35.5,1
38.58,36.7,34.58,1
38.63,25.0,27.34,0
40.18,36.4,33.91,1
38.65,22.0,35.9,0
39.88,23.5,26.97,0
39.14,48.1,24.42,0
40.79,44.8,38.46,1
40.23,54.6,20.78,1
39.66,28.3,31.07,1
38.53,13.4,31.17,0
38.66,25.2,29.25,0
39.08,41.5,33.14,1
38.34,23.5,26.62,0
40.14,39.5,36.23,1
38.63,18.7,21.03,0
40.34,33.9,34.57,1
39.59,28.2,31.97,1
40.61,12.4,23.99,0
38.35,39.1,34.59,1
39.94,35.8,23.89,1
40.14,37.5,35.15,1
40.53,33.0,36.45,1
40.19,32.9,34.03,1
38.39,35.3,30.94,1
39.18,24.4,32.49,0
40.49,38.1,23.69,1
38.83,26.9,30.84,0
38.47,21.7,21.48,0
40.07,32.5,35.02,1
38.87,14.4,28.61,0
38.61,36.2,32.79,1
40.55,25.8,24.14,0
40.4,35.8,36.76,1
39.97,33.5,33.03,1
38.89,16.3,22.71,0
38.5,22.8,37.82,0
39.95,39.5,35.18,1
38.43,29.8,34.8,1
40.34,41.9,37.93,1
40.51,38.3,26.61,1
40.13,39.7,35.23,1
38.63,12.3,29.16,0
40.07,28.4,32.84,1
39.84,40.9,21.5,1
40.38,40.4,36.15,1
39.98,30.3,31.6,1
40.55,41.6,37.19,1
40.67,39.8,36.81,1
38.83,26.9,21.46,0
38.68,44.5,31.13,1
40.28,38.8,36.22,1
38.69,12.8,25.41,0
38.41,11.5,22.59,0
39.86,32.9,34.47,1
40.41,38.5,39.59,1
39.23,21.9,27.83,0
40.34,38.9,34.25,1
40.43,36.0,38.92,1
39.66,27.0,31.54,1
38.41,20.7,29.49,0
38.83,16.6,22.38,0
40.75,39.9,37.48,1
38.73,58.0,37.25,1
38.99,19.0,25.86,0
40.16,31.0,34.13,1
38.81,16.4,23.06,0
38.44,16.1,27.05,0
38.62,23.3,22.86,0
38.7,16.4,29.6,0
40.81,38.6,23.23,1
39.12,37.1,29.11,0
40.54,44.7,39.12,1
39.78,35.7,32.37,1
38.72,58.4,35.01,1
38.42,48.2,29.64,0
40.2,40.0,37.21,1
40.33,41.4,21.97,1
38.32,42.6,33.47,1
38.57,18.9,23.95,0
38.43,15.8,28.31,0
39.35,28.3,31.54,0
39.19,33.7,37.79,1
38.43,21.8,27.1,0
39.89,27.6,31.1,1
38.5,58.3,31.21,1
39.82,25.3,30.7,1
38.46,18.0,27.19,0
38.79,22.8,28.58,0
40.3,40.1,35.99,1
38.96,14.1,26.97,0
38.43,15.3,20.58,0
41.08,43.4,39.86,1
38.58,26.4,29.41,0
38.13,18.3,29.76,0
40.54,43.5,39.68,1
38.43,18.6,25.53,0
38.88,43.4,37.41,1
39.13,21.9,26.34,0
38.35,17.7,26.25,0
38.97,40.4,34.58,1
38.49,10.9,22.33,0
40.44,44.3,21.24,1
39.1,14.9,20.35,0
38.87,37.2,34.82,1
40.39,40.6,25.91,1
40.13,46.0,24.89,1
38.18,58.1,36.4,1
38.47,35.9,31.33,1
40.48,37.5,38.84,1
40.33,33.0,35.78,1
38.48,25.2,36.16,0
40.69,26.2,22.79,0
38.84,51.2,31.71,1
40.61,38.8,22.4,1
38.71,14.4,37.61,0
40.04,34.3,32.42,1
39.74,41.4,26.53,1
40.12,28.0,32.38,1
40.09,40.7,34.31,1
40.26,38.8,38.18,1
40.49,42.3,38.97,1
39.13,55.1,35.44,1
39.89,30.7,32.03,1
40.7,55.0,20.95,1
39.02,36.9,31.39,1
38.64,35.6,36.64,1
38.47,41.4,32.24,1
38.77,11.0,29.86,0
39.01,53.1,33.76,1
40.43,34.3,37.75,1
38.53,10.9,24.56,0
39.91,32.4,33.44,1
38.35,56.0,35.04,1
38.83,20.7,20.93,0
39.91,47.8,27.5,1
38.32,20.1,29.66,0
38.38,24.6,25.59,0
39.27,24.6,36.48,0
40.49,40.6,37.37,1
39.89,33.5,32.6,1
39.15,29.9,25.25,0
38.91,48.7,34.54,1
39.09,11.5,24.94,0
40.46,37.7,39.12,1
41.19,42.3,39.54,1
40.83,42.0,26.89,1
39.79,29.1,32.04,1
39.63,29.3,26.08,1
38.19,32.2,35.11,1
40.31,38.5,36.62,1
38.46,16.1,20.36,0
40.55,37.1,37.65,1
39.7,14.8,22.84,0
39.28,18.9,34.68,0
40.09,40.1,21.19,1
38.75,41.6,32.83,1
38.96,36.1,26.44,0
40.15,33.0,36.0,1
39.24,45.1,30.51,1
40.92,39.0,21.51,1
38.37,10.0,23.04,0
39.73,27.6,30.89,1
39.0,23.2,29.48,0
38.63,17.7,25.62,0
38.8,18.2,29.35,0
39.34,32.4,30.92,1
38.66,35.7,30.51,1
39.16,50.6,30.86,1
39.02,45.9,36.44,1
39.0,14.6,26.58,0
39.98,30.7,33.51,1
38.66,26.2,20.44,0
38.31,21.5,21.34,0
38.13,12.7,23.65,0
38.26,21.4,20.41,0
38.9,12.9,27.81,0
39.01,24.5,27.74,0
38.76,14.4,25.36,0
38.72,37.0,34.44,1
39.77,38.4,23.54,1
39.93,37.9,32.85,1
40.85,48.0,21.8,1
38.98,27.5,29.78,0
40.35,38.5,37.62,1
40.15,34.4,34.73,1
39.25,42.1,33.05,1
38.56,23.5,22.47,0
38.83,28.8,20.95,0
38.47,15.5,22.88,0
38.39,33.9,32.1,1
38.94,16.0,24.49,0
40.25,43.1,34.76,1
38.96,26.8,23.34,0
40.2,43.3,37.38,1
40.15,34.1,34.29,1
39.1,16.8,24.17,0
38.45,39.0,36.97,1
40.42,39.1,37.57,1
39.21,42.0,37.41,1
40.14,34.6,33.15,1
40.37,32.8,35.34,1
39.05,23.0,23.36,0
40.7,39.1,38.68,1
38.45,55.7,34.79,1
40.03,23.5,24.9,0
38.62,11.0,26.01,0
40.1,29.5,31.98,1
38.3,29.1,32.82,1
39.06,50.2,32.14,1
40.65,41.8,39.7,1
38.99,38.9,36.99,1
40.5,43.5,21.83,1
38.67,26.0,27.21,0
40.3,32.9,35.2,1
38.39,37.4,34.39,1
40.38,51.5,23.01,1
38.25,22.3,26.68,0
39.75,21.6,23.19,0
38.85,11.9,25.75,0
38.7,26.5,24.46,0
39.08,17.5,28.07,0
40.35,38.8,36.3,1
38.69,16.6,20.43,0
40.76,45.1,39.7,1
38.92,56.4,33.63,1
39.07,15.9,26.0,0
38.53,18.1,25.22,0
40.45,36.8,36.5,1
40.21,33.5,34.37,1
39.93,15.7,23.26,0
39.04,51.4,36.57,1
38.88,15.1,27.12,0
39.96,29.9,30.76,1
40.46,49.5,24.94,1
38.46,14.3,27.0,0
39.78,29.2,32.49,1
38.51,23.8,20.14,0
40.22,40.3,35.34,1
40.68,40.6,39.14,1
38.79,43.5,36.48,1
38.81,20.4,20.31,0
39.82,24.2,31.43,1
38.98,38.4,36.02,1
38.78,55.5,27.08,0
40.04,32.8,35.06,1
38.92,24.7,24.82,0
38.75,33.4,37.87,1
38.64,13.2,20.19,0
40.47,42.3,39.3,1
39.33,28.4,31.02,0
38.94,19.7,20.49,0
38.55,18.1,25.56,0
38.6,9.5,24.5,0
39.14,53.7,31.92,1
38.71,15.3,23.71,0
38.67,21.9,23.74,0
40.59,38.6,38.48,1
39.59,28.0,30.75,1
38.62,19.1,29.8,0
38.89,39.1,32.11,1
38.88,51.6,30.57,1
40.34,38.6,37.11,1
38.59,50.1,35.57,1
40.8,38.0,38.96,1
40.25,40.2,36.42,1
38.34,30.6,24.73,0
38.3,29.1,34.23,1
38.36,11.8,35.89,0
40.26,36.9,35.52,1
39.22,28.8,20.4,0
40.61,48.2,39.67,1
38.73,20.1,25.87,0
39.09,47.1,35.76,1
38.59,54.6,32.27,1
39.23,46.8,35.72,1
38.69,45.5,20.11,0
40.31,11.6,22.27,0
39.1,46.2,32.91,1
39.99,34.5,35.55,1
38.98,14.6,20.47,0
38.58,42.3,37.82,1
38.81,15.7,21.18,0
39.28,17.2,28.04,0
39.66,47.9,22.82,1
39.98,36.6,33.72,1
38.6,27.4,21.54,0
38.61,21.3,22.42,0
39.14,29.7,31.45,1
39.13,23.7,25.05,0
39.11,15.8,27.01,0
38.59,18.5,24.26,0
40.04,33.0,32.12,1
40.71,42.5,39.21,1
40.53,39.1,39.06,1
40.82,42.8,37.23,1
39.62,51.7,23.92,1
39.75,49.0,27.01,1
39.04,20.1,36.78,0
39.17,21.8,20.55,0
40.33,35.4,34.33,1
38.92,11.7,25.62,0
38.43,51.5,37.81,1
40.19,46.6,25.34,1
40.87,43.4,38.18,1
39.61,23.2,30.92,1
40.3,49.5,26.96,1
38.63,12.0,28.19,0
38.59,22.5,28.14,0
40.23,40.0,25.73,1
38.84,42.9,37.09,1
38.43,33.2,33.2,1
40.42,34.9,36.2,1
39.06,45.9,31.18,1
40.47,36.7,37.89,1
39.72,22.8,30.75,1
38.67,49.0,37.13,1
39.9,29.8,31.57,1
39.13,20.1,23.05,0
39.0,22.7,27.43,0
39.88,54.2,25.74,1
38.62,17.1,29.97,0
38.84,10.3,23.76,0
39.68,47.5,28.29,1
40.75,36.3,39.78,1
40.76,38.9,38.57,1
39.12,11.0,33.09,0
38.98,21.5,27.52,0
39.9,53.4,22.64,1
38.84,41.2,32.51,1
39.79,30.6,31.83,1
38.42,15.3,25.65,0
38.68,23.8,28.59,0
38.64,24.9,35.19,0
40.45,37.0,24.25,1
40.2,32.4,33.96,1
38.67,16.4,29.56,0
40.45,33.3,34.01,1
39.07,15.8,23.14,0
40.46,41.3,38.33,1
40.99,33.0,28.28,1
40.1,27.0,28.62,0
40.98,53.5,23.54,1
39.82,49.6,24.35,1
38.54,58.7,35.65,1
38.83,14.9,24.5,0
38.95,51.0,35.06,1
40.03,31.2,34.11,1
39.46,27.5,31.67,0
38.96,21.3,24.38,0
38.29,12.5,27.46,0
39.33,43.6,36.36,1
40.4,43.9,38.01,1
38.59,25.0,28.51,0
40.37,36.6,35.2,1
38.67,38.8,36.78,1
38.45,9.8,21.65,0
38.7,16.8,37.67,0
38.5,36.5,33.36,1
39.2,31.3,35.22,1
39.76,21.2,31.68,1
38.53,52.7,35.26,1
39.67,31.7,31.29,1
38.61,32.1,30.7,1
38.31,51.8,31.69,1
40.44,37.8,37.84,1
38.44,13.8,24.17,0
38.88,24.5,24.37,0
38.76,20.3,21.0,0
39.23,46.9,37.68,1
38.97,13.4,28.36,0
38.85,51.7,35.79,1
40.4,43.8,22.43,1
38.66,54.1,31.71,1
40.44,38.8,39.13,1
38.36,23.6,23.22,0
38.92,15.1,27.2,0
38.62,16.8,23.64,0
38.59,23.4,29.99,0
38.33,55.2,34.85,1
38.46,17.2,27.99,0
38.62,25.3,21.64,0
38.46,31.6,32.08,1
38.98,55.5,36.72,1
40.11,35.4,34.13,1
39.13,15.4,26.47,0
38.84,47.0,32.18,1
38.42,27.3,24.04,0
40.35,40.1,23.1,1
40.6,48.2,39.24,1
38.96,27.6,34.18,0
40.2,38.8,36.67,1
40.36,39.6,37.75,1
40.29,38.7,36.5,1
40.42,37.3,35.58,1
40.13,41.6,21.53,1
40.31,44.3,36.2,1
40.82,41.3,38.82,1
39.95,39.4,34.14,1
40.19,13.1,21.14,0
38.81,20.6,32.94,0
38.77,58.4,31.83,1
39.01,22.3,27.84,0
38.54,18.7,22.57,0
38.61,18.9,21.27,0
40.38,40.2,38.64,1
40.66,39.8,39.58,1
38.58,43.9,37.97,1
40.59,50.3,25.17,1
39.69,32.1,31.41,1
39.17,16.1,23.47,0
38.33,11.3,23.53,0
39.27,10.7,27.6,0
38.3,16.6,25.84,0
38.53,18.7,26.64,0
39.66,29.4,31.8,1
40.06,29.0,32.24,1
38.64,24.2,25.2,0
39.32,56.9,24.5,0
40.01,32.8,35.61,1
40.09,32.2,33.7,1
38.78,59.4,35.17,1
38.63,30.5,34.74,1
39.77,30.0,32.31,1
40.59,42.1,38.02,1
39.16,15.6,27.54,0
38.84,15.8,28.74,0
40.52,13.1,27.67,0
38.22,45.4,34.22,1
40.55,46.4,39.27,1
40.02,29.6,21.51,1
38.31,33.6,27.94,0
40.27,51.4,25.52,1
38.95,26.4,26.72,0
38.64,21.7,22.56,0
39.2,34.6,30.89,1
38.57,18.0,22.27,0
39.17,17.4,34.2,0
38.81,29.2,29.03,0
38.72,27.7,21.52,0
38.56,15.5,33.3,0
39.84,30.7,33.66,1
39.06,35.0,31.06,1
39.71,44.4,24.25,1
40.6,33.1,20.34,1
38.67,37.2,30.77,1
40.56,40.9,39.45,1
39.18,26.0,20.68,0
40.19,40.6,36.78,1
38.81,20.2,21.31,0
38.86,18.6,20.72,0
40.32,39.7,37.56,1
39.05,18.1,25.13,0
39.93,47.3,26.05,1
40.47,45.0,38.47,1
40.79,44.4,39.65,1
39.97,34.4,33.27,1
40.49,38.8,39.88,1
40.37,10.2,23.66,0
40.47,44.1,37.21,1
40.5,44.5,38.23,1
40.28,36.4,36.45,1
39.1,45.4,37.69,1
38.9,47.9,23.86,0
38.89,41.3,33.68,1
40.38,45.4,37.41,1
39.86,29.5,32.66,1
40.27,17.8,28.58,0
40.1,35.1,32.13,1
38.58,15.2,26.56,0
39.88,34.4,32.47,1
38.43,43.4,32.76,1
39.21,51.4,35.3,1
39.12,27.2,21.61,0
38.83,56.9,32.56,1
38.26,35.7,36.23,1
38.67,30.6,35.8,1
39.06,26.4,22.6,0
39.2,37.1,32.89,1
38.53,22.9,29.33,0
39.02,20.5,21.12,0
38.74,48.9,26.33,0
40.92,13.6,29.58,0
38.72,19.1,20.53,0
40.36,33.4,21.29,1
38.9,45.1,31.5,1
38.85,33.8,37.18,1
39.72,32.5,33.24,1
38.42,21.7,29.76,0
40.43,44.9,39.69,1
38.73,19.2,22.55,0
38.58,58.3,32.04,1
38.67,13.7,25.39,0
40.7,40.5,25.16,1
40.47,39.1,39.23,1
39.01,50.7,32.27,1
38.76,38.1,37.91,1
38.99,37.6,37.46,1
40.28,29.6,25.77,1
40.9,48.7,24.33,1
39.06,56.4,34.59,1
38.86,26.3,21.97,0
38.73,11.1,25.72,0
38.53,24.6,32.85,0
39.13,27.6,21.78,0
38.82,44.7,35.73,1
39.0,12.8,21.02,0
40.2,27.8,28.09,0
38.56,44.8,35.68,1
38.7,13.3,29.21,0
38.7,18.5,22.81,0
38.67,39.6,30.63,1
39.03,25.9,24.54,0
39.79,39.7,28.58,1
39.49,32.1,32.48,1
38.87,40.5,35.35,1
38.42,52.5,22.35,0
38.58,19.2,28.25,0
39.92,40.5,35.34,1
40.69,31.9,29.76,1
40.41,43.1,39.14,1
38.59,13.1,22.78,0
40.31,35.9,36.18,1
39.69,29.0,31.42,1
39.87,34.1,36.78,1
38.39,17.1,29.79,0
40.94,29.6,28.5,1
40.39,16.7,22.8,0
40.07,30.0,34.33,1
40.05,36.2,32.48,1
38.33,17.2,21.3,0
40.47,44.0,28.28,1
38.5,44.6,37.51,1
40.51,36.1,27.82,1
40.1,36.8,36.19,1
40.94,42.5,24.65,1
39.05,17.6,24.0,0
40.22,34.9,34.41,1
38.77,17.4,28.33,0
38.63,35.4,35.5,1
39.92,34.7,32.73,1
38.28,57.9,36.89,1
39.16,47.9,33.81,1
40.12,29.4,33.07,1
39.02,19.2,23.92,0
38.8,43.6,32.95,1
38.88,29.1,31.34,1
38.19,23.6,24.55,0
38.94,14.7,20.9,0
38.63,32.7,34.07,1
40.01,33.5,32.44,1
40.21,39.4,36.09,1
38.48,25.4,20.18,0
40.68,35.8,23.9,1
39.13,16.6,27.5,0
38.26,13.6,21.77,0
38.99,20.0,27.77,0
39.39,35.0,32.33,1
40.34,42.2,39.75,1
38.69,35.4,34.44,1
39.08,55.9,36.08,1
38.76,24.4,35.02,0
38.8,15.8,25.01,0
39.17,53.1,35.39,1
40.52,50.6,24.2,1
39.94,35.2,35.19,1
39.28,14.2,24.8,0
39.0,34.5,32.41,1
39.69,35.4,20.73,1
40.49,41.4,39.92,1
38.94,22.0,29.27,0
38.73,48.0,36.79,1
38.99,21.5,25.71,0
38.99,25.8,24.0,0
39.02,15.9,23.93,0
40.47,40.0,39.67,1
40.4,17.2,27.73,0
38.42,47.8,29.5,0
38.57,31.5,35.18,1
40.94,15.4,28.65,0
40.05,33.8,34.25,1
38.39,54.4,33.33,1
38.79,32.9,34.25,1
40.15,54.0,25.36,1
39.89,28.0,30.84,1
38.43,13.2,22.0,0
40.51,41.5,37.34,1
38.64,18.9,28.81,0
38.41,22.3,24.31,0
41.01,43.1,39.35,1
40.36,37.2,38.27,1
38.75,12.8,26.14,0
38.75,39.9,31.53,1
38.35,30.1,37.5,1
38.87,15.1,21.73,0
40.11,36.7,33.25,1
38.25,18.4,21.77,0
38.68,46.1,31.05,1
40.07,18.2,25.38,0
39.17,57.0,22.03,0
38.81,38.6,36.96,1
40.35,50.0,22.04,1
39.89,40.3,26.7,1
40.66,27.2,28.84,0
38.76,40.6,26.28,0
39.5,28.2,30.73,1
39.2,49.3,32.37,1
40.29,42.1,36.47,1
41.04,42.3,39.76,1
39.18,30.5,27.64,0
38.89,39.0,23.14,0
40.18,41.8,21.5,1
39.89,31.6,34.54,1
40.72,39.3,38.55,1
38.82,24.3,24.69,0
39.96,26.9,32.37,1
38.69,45.1,32.18,1
38.76,45.2,30.85,1
39.92,30.8,33.26,1
38.44,32.7,32.33,1
40.28,34.5,35.17,1
40.56,43.9,25.24,1
39.03,47.6,35.6,1
38.62,18.5,25.18,0
40.73,47.4,38.87,1
40.6,40.2,37.56,1
38.34,18.8,27.26,0
38.29,35.9,33.68,1
38.86,23.6,22.89,0
39.64,37.8,29.97,1
39.83,34.1,24.28,1
38.94,35.6,37.72,1
40.6,26.4,24.83,0
38.39,15.5,26.39,0
40.26,40.5,35.3,1
38.62,12.4,25.54,0
38.94,29.8,37.21,1
39.22,33.2,27.96,0
38.88,42.6,30.52,1
39.23,52.1,36.69,1
38.38,19.1,24.99,0
39.86,33.3,32.87,1
38.43,8.6,28.74,0
39.55,30.3,30.98,1
39.81,32.5,20.59,1
38.25,22.8,22.78,0
40.55,50.8,21.28,1
38.78,22.6,22.26,0
39.18,22.3,24.93,0
38.27,11.3,27.87,0
39.22,15.7,28.85,0
39.0,47.8,33.05,1
39.1,11.1,20.56,0
38.49,24.6,23.73,0
40.79,48.5,28.87,1
40.17,25.7,32.59,1
39.11,28.3,24.73,0
39.83,33.2,34.06,1
38.33,27.0,21.44,0
38.62,58.1,32.91,1
39.85,19.1,26.92,0
38.76,9.9,27.59,0
38.63,17.8,20.02,0
39.9,11.9,29.16,0
40.56,41.5,39.75,1
38.61,13.8,29.13,0
40.47,43.2,38.53,1
38.22,15.7,26.11,0
39.07,22.4,26.27,0
38.3,11.4,28.53,0
38.63,15.1,37.72,0
39.08,35.3,26.62,0
38.77,21.8,36.5,0
38.34,24.1,21.09,0
38.64,16.3,28.98,0
38.87,20.5,21.15,0
38.47,59.9,37.85,1
38.8,39.7,37.19,1
38.87,52.2,32.15,1
38.38,44.2,30.95,1
38.81,23.7,23.87,0
40.98,50.0,29.64,1
40.02,23.6,28.52,0
38.88,21.9,27.51,0
39.09,22.0,23.95,0
38.69,15.7,28.49,0
39.93,33.3,31.15,1
38.27,19.0,25.01,0
38.21,20.4,20.94,0
38.26,39.2,35.6,1
40.16,30.0,36.84,1
38.97,48.1,33.69,1
40.29,31.6,35.29,1
38.43,33.0,33.44,1
38.7,25.0,34.23,0
38.67,42.3,35.06,1
38.67,30.6,34.04,1
38.55,16.1,24.9,0
38.25,14.1,29.83,0
38.93,22.9,22.02,0
40.09,38.8,34.61,1
40.51,37.3,37.98,1
39.97,47.0,22.98,1
38.5,32.2,34.51,1
39.92,28.6,32.53,1
40.7,36.1,38.64,1
38.36,25.6,24.91,0
39.95,43.6,29.11,1
38.81,18.8,28.52,0
38.35,11.8,22.0,0
39.17,12.3,29.13,0
40.66,46.3,39.91,1
38.52,35.8,35.89,1
40.3,42.3,36.14,1
38.74,20.3,26.78,0
39.82,52.5,27.37,1
38.77,12.3,20.7,0
38.58,17.8,28.23,0
39.44,54.5,34.5,1
40.45,31.4,36.61,1
38.5,17.8,20.3,0
38.86,49.2,31.68,1
38.61,20.7,24.42,0
38.9,48.5,37.44,1
40.0,30.9,33.53,1
38.44,13.7,26.32,0
38.71,24.9,26.35,0
38.33,20.7,21.89,0
38.5,34.6,35.69,1
39.2,33.7,20.89,0
38.86,51.9,35.46,1
38.76,19.4,21.2,0
39.24,38.4,32.34,1
38.65,15.2,20.97,0
39.98,35.0,32.72,1
40.28,34.9,37.07,1
38.51,24.9,21.64,0
38.88,46.3,33.3,1
40.24,40.2,34.66,1
40.83,23.4,21.25,0
38.35,33.0,32.82,1
39.65,44.8,28.29,1
38.73,18.5,28.68,0
40.33,34.8,27.53,1
38.46,36.5,37.22,1
38.8,9.3,29.85,0
40.0,30.4,30.85,1
39.02,43.2,32.09,1
39.21,14.5,21.09,0
38.64,53.2,37.99,1
40.62,41.4,38.53,1
38.46,45.1,34.76,1
40.15,42.1,24.86,1
38.4,15.3,24.12,0
38.88,53.7,35.17,1
39.28,16.4,30.98,0
40.48,39.0,36.93,1
39.14,21.6,25.4,0
38.92,39.5,26.9,0
40.62,42.7,38.59,1
39.99,34.9,31.8,1
40.1,32.5,33.67,1
38.83,14.2,21.45,0
40.4,53.8,26.29,1
40.12,36.0,21.45,1
39.23,50.2,28.92,0
39.73,32.3,33.87,1
38.93,45.6,37.88,1
39.01,16.2,29.89,0
38.8,32.1,20.93,0
39.19,24.2,29.37,0
38.34,17.6,26.72,0
39.12,25.5,27.94,0
38.49,16.1,22.99,0
38.87,30.9,24.98,0
38.42,23.1,28.67,0
38.8,18.7,28.91,0
38.97,14.0,21.35,0
38.48,33.4,33.34,1
39.11,17.8,32.13,0
39.12,22.1,36.06,0
38.71,17.4,29.53,0
38.73,32.9,25.32,0
39.98,12.6,24.55,0
38.47,50.5,37.44,1
40.2,15.2,29.24,0
39.21,19.4,24.0,0
39.1,41.9,33.91,1
40.24,34.2,34.08,1
40.55,39.3,38.52,1
40.54,37.7,20.56,1
38.7,18.7,25.55,0
38.29,45.6,35.12,1
39.85,12.0,29.99,0
39.07,23.8,23.93,0
38.5,11.5,25.9,0
40.65,43.2,29.84,1
38.93,44.4,30.65,1
39.03,23.9,35.91,0
39.71,34.5,31.73,1
38.29,12.9,25.3,0
38.72,52.6,34.46,1
40.32,34.7,35.5,1
38.59,25.3,21.65,0
39.78,52.3,22.43,1
38.69,10.7,29.25,0
40.06,39.5,37.12,1
40.93,37.4,29.94,1
40.44,38.7,37.99,1
38.86,53.7,37.27,1
39.26,32.1,21.42,0
39.7,34.3,22.06,1
39.76,32.1,31.79,1
40.0,31.8,34.13,1
40.55,35.9,38.48,1
38.63,58.1,36.28,1
38.54,26.6,23.27,0
39.69,36.7,21.63,1
39.16,15.8,25.08,0
39.15,20.8,29.4,0
40.08,23.1,28.84,0
38.88,54.1,34.52,1
38.38,29.2,28.75,0
39.1,26.8,28.65,0
40.23,14.6,20.14,0
40.08,32.8,33.9,1
39.24,13.0,24.36,0
39.6,32.5,30.84,1
38.97,32.3,24.81,0
39.36,31.9,33.12,1
39.34,42.0,27.41,0
40.73,42.0,39.35,1
40.76,21.6,23.13,0
38.66,36.7,30.83,1
40.34,46.0,37.29,1
38.84,21.5,21.08,0
40.58,43.7,39.47,1
38.44,14.3,27.77,0
39.73,39.9,28.45,1
38.61,48.6,31.92,1
40.73,22.0,28.82,0
38.46,19.9,23.19,0
40.12,34.4,33.87,1
38.55,52.1,33.68,1
39.6,32.1,30.58,1
39.87,30.7,34.36,1
39.03,20.6,21.18,0
40.84,20.3,24.26,0
38.89,58.6,34.25,1
39.26,38.7,31.02,1
40.34,51.0,21.13,1
39.17,25.8,22.48,0
38.45,21.0,29.69,0
40.56,39.1,37.36,1
40.46,41.1,35.45,1
40.0,26.1,30.94,1
38.42,14.8,21.78,0
38.72,23.0,20.85,0
40.03,31.0,34.12,1
39.03,44.6,37.02,1
40.01,37.2,33.89,1
40.12,33.5,36.05,1
39.04,26.2,21.11,0
38.7,12.7,25.34,0
40.31,40.7,38.16,1
39.33,44.6,36.7,1
39.81,30.5,32.84,1
38.64,47.3,33.48,1
38.36,24.9,35.7,0
40.68,41.3,38.91,1
38.15,53.2,36.44,1
38.88,32.1,26.16,0
38.6,33.9,31.47,1
38.62,21.2,27.1,0
40.35,38.2,36.07,1
40.28,42.3,37.33,1
38.55,56.6,30.78,1
40.62,43.3,39.88,1
38.61,11.8,24.09,0
38.6,40.3,25.44,0
40.47,14.3,20.01,0
38.78,20.1,24.65,0
40.8,39.1,38.61,1
40.65,26.1,23.21,0
39.87,28.5,31.18,1
38.4,17.3,23.1,0
39.76,35.0,32.02,1
40.47,33.4,23.9,1
40.28,39.4,36.62,1
40.26,30.5,31.83,1
40.43,33.9,36.39,1
38.86,46.4,33.39,1
40.23,46.3,38.89,1
38.39,10.9,27.39,0
39.83,25.0,20.67,0
40.4,35.1,34.92,1
38.29,40.2,35.84,1
40.52,23.5,23.48,0
39.74,32.4,31.67,1
38.9,51.3,35.53,1
38.94,23.5,25.72,0
40.65,39.4,39.8,1
40.38,39.1,38.13,1
38.75,29.3,34.72,1
39.82,43.4,25.14,1
38.67,12.5,23.32,0
39.49,29.9,31.77,1
39.53,34.7,31.26,1
39.92,38.6,34.8,1
38.83,39.3,35.03,1
40.83,21.2,26.98,0
39.07,49.6,34.31,1
39.29,38.0,33.77,1
38.61,22.0,23.97,0
39.94,33.4,35.49,1
40.73,49.6,20.26,1
38.48,50.2,31.81,1
40.36,40.2,23.85,1
38.85,23.9,23.74,0
39.16,28.7,28.01,0
40.15,39.2,23.55,1
38.69,18.6,27.32,0
40.44,40.4,39.81,1
38.63,49.6,36.55,1
40.25,34.8,21.75,1
40.38,38.0,38.54,1
39.36,57.8,30.56,1
39.33,19.5,28.75,0
38.55,15.6,32.29,0
39.09,35.2,32.37,1
39.71,37.3,32.98,1
38.91,25.4,20.99,0
38.89,24.4,21.88,0
39.16,13.4,23.02,0
38.34,16.5,20.84,0
39.96,39.4,22.16,1
39.13,22.8,25.01,0
39.9,46.8,22.07,1
38.87,14.0,25.67,0
40.01,38.4,36.0,1
39.41,31.4,33.15,1
39.79,40.5,34.63,1
39.76,33.1,32.02,1
38.83,40.4,22.15,0
40.02,33.1,35.97,1
40.98,24.0,27.38,0
38.67,26.5,21.54,0
40.62,38.2,39.71,1
40.47,41.1,24.09,1
38.61,51.2,30.68,1
38.4,34.1,27.17,0
39.81,26.5,32.83,1
38.63,16.5,22.12,0
40.42,41.0,37.0,1
40.05,32.7,33.51,1
38.98,10.7,28.01,0
38.86,10.6,24.39,0
40.26,38.7,35.76,1
38.45,13.3,26.53,0
40.93,23.2,23.72,0
38.77,32.0,34.62,1
38.87,41.6,23.18,0
39.58,33.4,30.62,1
38.64,29.7,37.95,1
40.5,47.2,21.83,1
40.52,50.0,21.64,1
39.69,49.0,29.43,1
40.45,40.8,38.14,1
39.12,24.2,33.63,0
38.64,44.4,30.84,1
40.44,38.1,34.9,1
40.26,38.3,33.46,1
39.15,22.6,24.61,0
40.96,29.2,23.5,1
39.28,24.7,32.99,0
39.96,36.3,32.98,1
38.43,10.9,32.33,0
40.06,50.3,29.92,1
40.13,31.6,33.62,1
38.79,22.1,20.85,0
39.01,26.0,24.53,0
40.7,29.8,34.17,1
39.82,21.5,24.16,0
38.81,21.2,34.52,0
39.13,27.2,26.86,0
38.75,21.5,26.77,0
40.73,37.4,39.91,1
39.66,34.2,31.93,1
39.07,13.3,24.76,0
39.77,45.4,28.15,1
39.85,29.7,31.99,1
39.89,41.7,36.04,1
38.77,26.3,21.19,0
38.7,49.8,31.44,1
39.37,51.5,35.06,1
40.49,43.0,36.7,1
39.79,32.8,32.83,1
40.72,35.0,38.11,1
40.71,52.7,24.43,1
39.88,37.7,35.05,1
40.28,46.1,24.73,1
39.8,36.2,35.25,1
39.74,30.5,24.04,1
40.07,26.7,30.63,1
40.87,49.5,39.77,1
39.37,27.3,30.92,0
40.52,40.1,36.19,1
38.35,52.9,29.23,0
40.99,20.5,26.22,0
38.77,18.2,34.99,0
40.16,40.1,36.0,1
39.08,18.7,21.29,0
39.02,10.6,23.46,0
38.48,48.8,31.74,1
39.11,39.4,31.08,1
39.66,31.7,34.98,1
38.76,46.4,32.89,1
38.78,45.4,31.33,1
38.88,56.1,34.31,1
39.54,35.8,30.84,1
39.09,38.9,35.46,1
39.77,42.2,29.9,1
40.28,36.5,36.22,1
38.34,19.7,21.76,0
38.58,30.2,36.71,1
38.68,25.9,27.01,0
38.44,24.9,29.89,0
40.02,38.8,22.01,1
40.35,35.3,36.08,1
38.53,46.1,37.81,1
40.79,26.1,24.34,0
39.91,35.3,22.59,1
39.1,29.1,31.78,1
39.99,30.4,34.41,1
40.03,41.4,36.36,1
38.9,23.0,26.3,0
38.59,18.2,28.92,0
38.16,28.9,26.38,0
40.02,38.7,26.22,1
39.03,52.2,37.02,1
38.28,20.4,25.7,0
40.93,22.8,22.65,0
38.94,38.4,21.0,0
40.13,32.8,34.79,1
38.39,35.2,33.03,1
40.58,23.7,22.73,0
40.17,37.3,36.19,1
38.48,9.3,24.4,0
38.96,22.6,21.32,0
39.07,21.3,25.88,0
39.03,39.9,30.56,1
39.22,11.5,27.44,0
38.41,17.6,22.95,0
39.16,49.6,33.88,1
38.53,19.1,33.4,0
39.93,42.4,22.32,1
38.24,19.0,27.39,0
38.44,58.9,33.17,1
39.84,33.4,33.2,1
38.61,40.8,30.62,1
40.72,20.2,21.23,0
38.65,11.3,25.37,0
39.53,35.4,31.8,1
38.55,36.2,31.81,1
40.61,35.4,34.66,1
38.33,36.1,37.56,1
40.3,33.0,34.82,1
38.34,16.4,21.26,0
40.34,35.7,37.29,1
39.38,36.8,28.38,0
39.14,40.8,31.07,1
38.75,20.4,29.21,0
38.68,34.6,32.48,1
38.87,33.2,35.35,1
38.93,50.6,36.83,1
38.53,13.2,28.55,0
39.58,32.3,34.47,1
38.53,12.6,27.77,0
39.93,27.6,32.38,1
38.47,49.4,34.89,1
40.73,41.9,37.29,1
39.07,49.3,37.91,1
39.83,30.8,32.71,1
40.32,29.2,29.04,1
39.9,30.3,34.08,1
39.38,27.5,23.83,0
40.47,42.0,39.58,1
39.28,19.0,21.98,0
39.76,31.5,31.87,1
38.42,26.5,21.22,0
38.9,56.8,32.82,1
40.41,41.2,38.78,1
38.67,15.3,28.23,0
38.95,46.6,37.38,1
39.7,27.5,33.1,1
39.06,38.2,34.11,1
39.86,35.6,34.54,1
38.57,16.4,20.96,0
40.33,31.9,35.11,1
38.63,48.5,35.42,1
38.93,9.9,26.35,0
40.54,41.4,38.01,1
39.22,18.6,27.51,0
39.09,37.9,34.04,1
38.58,18.7,26.52,0
38.96,10.4,27.3,0
40.48,37.0,36.92,1
38.52,22.1,21.38,0
40.57,40.9,38.75,1
39.21,15.0,24.14,0
38.84,23.6,25.45,0
38.63,26.5,26.09,0
38.95,11.5,27.26,0
39.85,11.9,23.88,0
38.26,44.1,37.3,1
39.62,20.2,26.9,0
39.79,25.6,30.55,1
38.81,24.9,35.15,0
38.41,27.3,26.78,0
40.02,27.1,33.63,1
38.97,52.3,23.36,0
40.45,32.2,20.47,1
38.67,13.1,21.84,0
40.63,50.5,28.27,1
38.8,11.3,28.97,0
39.52,28.5,31.6,1
39.01,10.1,24.38,0
40.2,40.3,37.17,1
38.35,17.8,29.72,0
38.81,22.6,29.16,0
40.64,40.1,38.62,1
39.13,36.5,32.19,1
38.32,58.5,30.65,1
38.97,9.9,21.55,0
39.98,36.6,34.98,1
38.87,29.8,24.13,0
38.51,43.7,29.33,0
38.75,20.2,29.92,0
38.81,51.5,33.6,1
40.26,30.5,21.85,1
38.55,26.7,27.5,0
38.87,46.3,32.41,1
40.33,54.4,25.96,1
39.78,31.5,32.64,1
39.91,31.8,35.27,1
38.58,34.6,34.45,1
40.5,41.3,36.95,1
38.56,18.1,24.7,0
38.55,9.4,28.53,0
38.43,58.5,31.65,1
39.67,43.5,25.82,1
40.12,32.3,33.7,1
38.71,42.5,31.42,1
40.17,32.9,34.1,1
40.88,40.1,38.71,1
40.02,39.2,35.87,1
38.67,37.5,37.48,1
38.8,45.0,34.73,1
39.83,47.4,21.84,1
38.9,41.1,31.43,1
39.84,32.2,33.92,1
38.56,14.2,27.97,0
40.61,34.3,37.64,1
40.23,40.4,35.48,1
38.73,12.3,24.78,0
39.2,29.7,35.45,1
40.24,35.5,34.79,1
40.08,37.6,35.53,1
38.75,50.8,32.79,1
40.9,42.7,39.17,1
38.47,13.0,20.05,0
38.8,53.1,25.99,0
39.81,31.8,20.04,1
39.96,46.4,20.61,1
39.79,28.0,31.72,1
38.5,35.3,30.87,1
40.07,30.0,32.83,1
39.16,27.6,37.39,0
40.13,36.3,34.43,1
38.49,11.5,28.44,0
39.07,25.9,35.41,0
38.5,33.1,34.42,1
38.48,58.0,31.49,1
38.4,12.4,22.62,0
40.52,37.6,37.3,1
38.84,27.0,26.08,0
38.69,35.7,30.67,1
39.89,41.9,28.93,1
40.06,41.4,37.58,1
38.44,52.2,26.37,0
39.15,37.6,30.95,1
38.57,15.0,29.24,0
39.0,26.6,22.78,0
39.95,15.8,28.52,0
38.68,51.8,32.44,1
39.07,15.6,24.31,0
39.47,33.0,32.07,1
38.47,12.8,23.55,0
40.12,46.5,24.15,1
38.19,13.1,26.36,0
38.39,19.8,21.75,0
39.94,28.7,33.89,1
39.12,26.5,28.88,0
40.26,40.3,38.2,1
39.24,32.7,31.85,1
38.79,37.6,36.43,1
40.89,52.3,27.27,1
40.04,33.1,33.2,1
40.76,37.1,35.58,1
38.63,16.1,26.2,0
40.53,53.4,27.45,1
39.76,34.0,32.96,1
39.18,12.4,21.71,0
39.01,15.3,37.76,0
38.97,41.9,35.81,1
38.64,37.4,31.0,1
40.82,49.8,22.28,1
40.63,36.1,38.07,1
40.88,42.5,39.1,1
38.7,17.6,27.35,0
39.93,38.2,35.61,1
38.92,15.2,26.49,0
40.37,41.4,36.32,1
39.84,35.9,34.98,1
38.56,55.2,30.91,1
39.22,20.9,30.63,0
38.3,18.1,24.1,0
38.77,19.3,29.99,0
40.2,35.8,33.19,1
39.15,15.5,27.42,0
40.92,35.2,26.73,1
38.82,39.9,31.98,1
